order_id,order_date,product_id,region_id,warehouse_id,supplier_id,quantity_ordered,quantity_supplied,unit_price,transport_cost,operational_cost,delivery_status,delay_days
ORD0001,2025-08-02,P1,R1,W1,S24,889,800,23,2209,1564,On-time,0
ORD0002,2022-03-07,P1,R1,W1,S7,288,230,28,1451,1619,Delayed,3
ORD0003,2023-07-24,P1,R2,W2,S23,501,501,25,1189,1478,On-time,0
ORD0004,2022-07-18,P3,R3,W3,S20,421,378,16,1600,1987,On-time,0
ORD0005,2025-06-20,P3,R5,W5,S7,831,581,19,1778,1269,Delayed,2
ORD0006,2025-07-25,P3,R2,W2,S12,831,747,16,2093,1201,On-time,0
ORD0007,2022-12-01,P4,R4,W4,S9,426,340,38,1821,1248,Delayed,1
ORD0008,2023-03-09,P5,R3,W3,S7,511,511,64,2149,1803,On-time,0
ORD0009,2023-06-23,P6,R5,W5,S14,412,412,41,1096,924,On-time,0
ORD0010,2022-11-10,P6,R2,W2,S22,343,343,47,2083,1214,On-time,0
ORD0011,2025-02-07,P1,R1,W1,S22,812,730,30,1929,706,On-time,0
ORD0012,2023-06-24,P5,R2,W2,S17,412,288,71,2104,1786,Delayed,1
ORD0013,2025-05-11,P3,R4,W4,S1,869,608,18,1161,875,Delayed,3
ORD0014,2024-09-22,P1,R5,W5,S25,496,396,22,1866,1133,Delayed,3
ORD0015,2025-11-13,P2,R3,W3,S13,712,640,26,1131,1392,On-time,0
ORD0016,2022-02-13,P5,R5,W5,S8,255,204,62,1676,845,Delayed,3
ORD0017,2023-05-03,P3,R4,W4,S7,368,294,18,1193,898,Delayed,3
ORD0018,2024-06-01,P3,R4,W4,S14,675,675,15,1509,1092,On-time,0
ORD0019,2023-01-25,P5,R4,W4,S5,377,377,62,2127,900,On-time,0
ORD0020,2022-04-14,P6,R5,W5,S1,187,130,43,1821,820,Delayed,1
ORD0021,2024-02-16,P1,R4,W4,S9,767,767,24,1445,819,On-time,0
ORD0022,2025-04-01,P6,R5,W5,S2,831,747,42,1116,1740,On-time,0
ORD0023,2022-06-14,P2,R1,W1,S20,305,213,21,2185,1917,Delayed,1
ORD0024,2025-06-22,P1,R4,W4,S22,736,662,24,1268,1314,On-time,0
ORD0025,2024-07-25,P3,R1,W1,S1,606,606,16,1543,971,On-time,0
ORD0026,2023-12-16,P1,R2,W2,S12,458,412,22,1016,1835,On-time,0
ORD0027,2023-09-06,P6,R1,W1,S5,357,321,49,1431,1402,On-time,0
ORD0028,2023-02-21,P6,R3,W3,S17,480,480,44,1090,707,On-time,0
ORD0029,2023-11-15,P2,R3,W3,S6,401,401,24,2117,773,On-time,0
ORD0030,2024-01-27,P5,R5,W5,S5,626,626,61,1430,1211,On-time,0
ORD0031,2025-09-27,P1,R3,W3,S25,801,801,29,1050,1067,On-time,0
ORD0032,2023-11-12,P4,R2,W2,S9,598,478,42,1942,1416,Delayed,2
ORD0033,2023-04-12,P2,R1,W1,S22,448,358,23,2313,1743,Delayed,2
ORD0034,2025-10-23,P5,R3,W3,S1,765,535,63,1889,1407,Delayed,3
ORD0035,2023-10-05,P4,R5,W5,S17,515,360,35,2064,1802,Delayed,3
ORD0036,2025-10-05,P2,R3,W3,S14,752,526,23,2038,1333,Delayed,3
ORD0037,2024-04-16,P3,R4,W4,S23,666,599,18,1356,1960,On-time,0
ORD0038,2025-03-11,P3,R4,W4,S18,693,485,18,2340,1359,Delayed,2
ORD0039,2024-06-23,P4,R2,W2,S17,543,543,43,1686,891,On-time,0
ORD0040,2023-04-27,P6,R3,W3,S8,465,372,49,1149,1632,Delayed,2
ORD0041,2025-07-13,P5,R2,W2,S23,909,909,80,1218,1570,On-time,0
ORD0042,2023-03-25,P2,R5,W5,S15,463,324,21,2367,1787,Delayed,3
ORD0043,2025-05-04,P3,R4,W4,S20,840,840,17,1506,1267,On-time,0
ORD0044,2024-12-03,P4,R2,W2,S9,625,625,39,2106,865,On-time,0
ORD0045,2022-10-11,P2,R2,W2,S13,181,144,19,1954,1551,Delayed,1
ORD0046,2023-02-28,P4,R4,W4,S25,392,274,35,1798,1558,Delayed,3
ORD0047,2025-01-23,P5,R2,W2,S16,813,650,72,2369,1528,Delayed,3
ORD0048,2022-12-05,P4,R2,W2,S20,384,268,45,1945,1072,Delayed,1
ORD0049,2023-06-17,P4,R3,W3,S7,477,477,39,1167,1663,On-time,0
ORD0050,2022-02-09,P6,R5,W5,S2,158,142,43,1041,1972,On-time,0
ORD0051,2022-11-09,P2,R2,W2,S16,325,227,21,2240,1943,Delayed,3
ORD0052,2022-08-23,P2,R3,W3,S4,269,188,24,2414,1984,Delayed,1
ORD0053,2022-07-28,P6,R3,W3,S22,245,171,50,1758,841,Delayed,3
ORD0054,2025-08-19,P3,R1,W1,S14,898,898,20,1891,1060,On-time,0
ORD0055,2024-12-04,P6,R3,W3,S20,732,732,41,1571,1623,On-time,0
ORD0056,2023-05-15,P4,R5,W5,S20,524,524,40,1434,1426,On-time,0
ORD0057,2023-06-14,P3,R3,W3,S20,382,343,18,2000,1837,On-time,0
ORD0058,2023-05-08,P6,R4,W4,S21,425,425,46,2416,1198,On-time,0
ORD0059,2023-09-20,P6,R5,W5,S12,476,476,45,1720,1629,On-time,0
ORD0060,2023-07-09,P3,R3,W3,S8,528,369,16,1443,1691,Delayed,2
ORD0061,2025-04-22,P5,R5,W5,S10,811,567,65,1028,1793,Delayed,1
ORD0062,2023-07-16,P1,R1,W1,S18,435,391,22,1961,1680,On-time,0
ORD0063,2024-06-21,P3,R2,W2,S2,561,504,16,2181,1989,On-time,0
ORD0064,2025-11-06,P1,R2,W2,S5,754,678,21,2220,1966,On-time,0
ORD0065,2023-04-08,P5,R4,W4,S15,515,515,79,2248,903,On-time,0
ORD0066,2023-03-02,P6,R2,W2,S9,558,390,42,1005,1536,Delayed,2
ORD0067,2025-11-12,P5,R4,W4,S10,844,590,62,1478,1241,Delayed,3
ORD0068,2025-04-22,P6,R2,W2,S14,930,651,41,1122,1039,Delayed,2
ORD0069,2025-05-03,P6,R5,W5,S10,878,878,48,2105,1711,On-time,0
ORD0070,2024-06-15,P1,R5,W5,S2,598,598,25,2178,1902,On-time,0
ORD0071,2022-02-12,P6,R3,W3,S19,328,229,49,1892,2000,Delayed,2
ORD0072,2022-07-06,P4,R3,W3,S14,423,380,40,1590,1520,On-time,0
ORD0073,2025-01-31,P1,R4,W4,S3,847,762,24,2346,1811,On-time,0
ORD0074,2024-08-04,P4,R1,W1,S7,775,697,35,2124,968,On-time,0
ORD0075,2023-08-13,P4,R4,W4,S4,240,168,39,2131,1535,Delayed,1
ORD0076,2023-04-06,P1,R4,W4,S4,515,412,27,1499,1635,Delayed,3
ORD0077,2022-10-24,P4,R2,W2,S20,306,244,40,1005,1279,Delayed,3
ORD0078,2023-09-04,P5,R5,W5,S22,426,426,70,2112,1472,On-time,0
ORD0079,2024-07-21,P3,R2,W2,S23,657,525,18,1968,1480,Delayed,2
ORD0080,2025-09-21,P6,R2,W2,S16,690,482,41,2077,1635,Delayed,1
ORD0081,2022-10-23,P4,R2,W2,S3,282,282,45,2381,1792,On-time,0
ORD0082,2024-02-18,P3,R4,W4,S18,678,474,18,1185,1588,Delayed,1
ORD0083,2025-07-21,P6,R1,W1,S15,968,774,44,1734,1467,Delayed,2
ORD0084,2022-10-26,P2,R5,W5,S14,258,206,20,2399,1193,Delayed,2
ORD0085,2025-04-09,P2,R2,W2,S15,785,706,22,2119,1023,On-time,0
ORD0086,2022-06-01,P4,R3,W3,S19,259,233,42,1787,1689,On-time,0
ORD0087,2022-08-07,P2,R4,W4,S19,373,335,22,1016,1859,On-time,0
ORD0088,2025-11-05,P6,R1,W1,S20,876,876,43,2271,1213,On-time,0
ORD0089,2025-10-20,P6,R2,W2,S21,807,564,49,1747,969,Delayed,1
ORD0090,2023-08-28,P3,R4,W4,S6,491,392,20,1336,1226,Delayed,2
ORD0091,2023-08-28,P6,R3,W3,S4,457,457,48,1749,884,On-time,0
ORD0092,2024-03-19,P1,R3,W3,S18,727,508,27,1760,921,Delayed,3
ORD0093,2023-04-24,P4,R1,W1,S20,393,353,45,2329,1536,On-time,0
ORD0094,2022-08-27,P2,R1,W1,S2,273,245,19,1795,1629,On-time,0
ORD0095,2024-01-30,P6,R5,W5,S14,618,494,44,1067,1458,Delayed,1
ORD0096,2024-06-27,P4,R2,W2,S12,532,372,35,1388,950,Delayed,2
ORD0097,2022-07-07,P6,R2,W2,S21,323,226,43,1140,1835,Delayed,1
ORD0098,2025-04-15,P2,R2,W2,S11,870,696,18,1513,1057,Delayed,1
ORD0099,2025-09-15,P1,R2,W2,S1,850,765,23,1259,1562,On-time,0
ORD0100,2024-12-13,P1,R1,W1,S16,631,631,25,2259,788,On-time,0
ORD0101,2025-09-11,P5,R3,W3,S15,736,515,63,2458,1608,Delayed,1
ORD0102,2022-06-15,P3,R5,W5,S5,266,186,20,1603,1629,Delayed,3
ORD0103,2025-05-24,P4,R1,W1,S23,822,575,41,1847,1394,Delayed,2
ORD0104,2024-03-27,P4,R1,W1,S11,585,585,37,1186,874,On-time,0
ORD0105,2022-07-10,P4,R1,W1,S24,287,258,44,1675,950,On-time,0
ORD0106,2024-04-21,P3,R4,W4,S24,682,477,20,1435,1016,Delayed,3
ORD0107,2024-09-14,P2,R1,W1,S12,800,720,22,2256,1840,On-time,0
ORD0108,2022-02-23,P5,R3,W3,S1,313,250,60,1293,1859,Delayed,3
ORD0109,2024-03-31,P1,R2,W2,S24,670,468,21,1698,1022,Delayed,2
ORD0110,2023-10-01,P6,R3,W3,S25,444,310,50,1167,1257,Delayed,2
ORD0111,2025-09-17,P4,R4,W4,S20,696,696,43,1880,927,On-time,0
ORD0112,2023-08-04,P6,R5,W5,S16,447,402,40,1418,1317,On-time,0
ORD0113,2023-03-09,P2,R3,W3,S10,454,408,18,1778,1790,On-time,0
ORD0114,2025-12-12,P2,R5,W5,S18,1047,942,24,1159,1341,On-time,0
ORD0115,2025-03-25,P4,R5,W5,S13,834,834,35,2265,1642,On-time,0
ORD0116,2025-11-13,P3,R1,W1,S14,874,611,21,1635,1395,Delayed,1
ORD0117,2023-11-14,P2,R1,W1,S17,447,312,26,1302,1183,Delayed,1
ORD0118,2022-10-27,P3,R2,W2,S6,206,164,17,2154,1886,Delayed,2
ORD0119,2025-10-26,P5,R5,W5,S11,941,846,74,1620,1262,On-time,0
ORD0120,2025-04-26,P1,R3,W3,S17,910,637,24,1587,857,Delayed,3
ORD0121,2022-07-04,P5,R5,W5,S17,363,363,78,1385,1358,On-time,0
ORD0122,2025-05-24,P4,R5,W5,S5,777,543,36,1353,780,Delayed,1
ORD0123,2025-12-20,P4,R4,W4,S17,962,769,41,2390,1924,Delayed,1
ORD0124,2025-07-16,P6,R3,W3,S3,737,663,50,2234,1007,On-time,0
ORD0125,2023-11-14,P1,R5,W5,S22,496,396,25,1634,1844,Delayed,2
ORD0126,2025-08-10,P3,R2,W2,S22,1025,717,20,1369,1138,Delayed,2
ORD0127,2024-09-22,P2,R2,W2,S5,570,456,22,1077,1389,Delayed,3
ORD0128,2022-09-26,P5,R4,W4,S5,254,203,73,2385,1186,Delayed,2
ORD0129,2025-06-04,P3,R4,W4,S8,857,685,18,1945,1277,Delayed,2
ORD0130,2024-10-26,P5,R4,W4,S6,609,487,80,1760,1835,Delayed,1
ORD0131,2025-12-27,P5,R1,W1,S10,725,507,64,1187,1154,Delayed,2
ORD0132,2023-12-17,P1,R4,W4,S2,455,455,28,1459,757,On-time,0
ORD0133,2023-10-15,P1,R3,W3,S5,365,292,20,2260,710,Delayed,1
ORD0134,2022-02-08,P3,R2,W2,S5,337,337,18,1488,1559,On-time,0
ORD0135,2025-08-01,P5,R4,W4,S3,776,543,76,1495,994,Delayed,2
ORD0136,2024-05-29,P1,R5,W5,S12,773,618,29,1738,838,Delayed,3
ORD0137,2025-01-19,P5,R5,W5,S18,787,550,72,1519,733,Delayed,2
ORD0138,2022-05-19,P3,R2,W2,S24,274,191,17,1693,1058,Delayed,3
ORD0139,2024-08-09,P6,R4,W4,S21,715,572,43,1089,1108,Delayed,1
ORD0140,2023-10-09,P3,R5,W5,S13,351,351,18,2342,1379,On-time,0
ORD0141,2023-07-14,P1,R3,W3,S14,468,468,27,1752,1763,On-time,0
ORD0142,2023-07-01,P1,R4,W4,S3,554,554,29,1671,1305,On-time,0
ORD0143,2023-09-20,P4,R5,W5,S23,321,321,42,2259,1590,On-time,0
ORD0144,2023-07-17,P6,R1,W1,S3,464,464,49,2388,1597,On-time,0
ORD0145,2022-03-13,P2,R1,W1,S8,320,288,24,1921,1459,On-time,0
ORD0146,2024-02-01,P4,R1,W1,S19,712,569,40,1511,932,Delayed,1
ORD0147,2023-01-17,P4,R5,W5,S13,351,245,38,2421,1705,Delayed,1
ORD0148,2022-09-09,P2,R1,W1,S15,194,155,19,2126,1810,Delayed,2
ORD0149,2023-09-07,P2,R2,W2,S12,491,392,21,1739,1834,Delayed,3
ORD0150,2024-01-26,P4,R5,W5,S5,673,471,42,1838,1877,Delayed,1
ORD0151,2022-09-14,P3,R1,W1,S15,320,320,20,2203,1072,On-time,0
ORD0152,2022-09-22,P4,R5,W5,S2,327,228,37,2452,1161,Delayed,2
ORD0153,2024-11-28,P3,R1,W1,S9,595,476,19,2258,1792,Delayed,1
ORD0154,2024-10-26,P6,R2,W2,S19,668,534,40,2313,1881,Delayed,2
ORD0155,2025-08-26,P2,R5,W5,S14,873,611,26,1501,1531,Delayed,2
ORD0156,2024-07-17,P1,R1,W1,S6,592,592,26,1294,1340,On-time,0
ORD0157,2023-10-16,P6,R3,W3,S13,599,479,47,1250,1247,Delayed,2
ORD0158,2023-05-23,P2,R1,W1,S2,487,438,24,2476,1340,On-time,0
ORD0159,2023-01-24,P2,R4,W4,S17,354,354,22,2035,1636,On-time,0
ORD0160,2023-05-09,P2,R5,W5,S12,502,351,22,1963,1285,Delayed,3
ORD0161,2022-01-17,P1,R4,W4,S5,222,199,25,2167,1850,On-time,0
ORD0162,2023-02-03,P3,R5,W5,S10,512,358,22,2393,1951,Delayed,1
ORD0163,2022-09-21,P1,R4,W4,S12,392,352,28,1822,1724,On-time,0
ORD0164,2022-03-24,P1,R1,W1,S5,234,210,27,1286,1371,On-time,0
ORD0165,2025-06-09,P3,R2,W2,S13,927,834,22,1034,1454,On-time,0
ORD0166,2023-11-10,P6,R1,W1,S14,483,434,49,2182,1166,On-time,0
ORD0167,2022-04-16,P5,R4,W4,S6,365,365,63,1038,1603,On-time,0
ORD0168,2023-10-05,P4,R2,W2,S14,601,480,35,1424,1848,Delayed,2
ORD0169,2025-09-18,P4,R5,W5,S13,830,747,43,2476,1241,On-time,0
ORD0170,2025-06-03,P4,R2,W2,S8,789,710,39,2413,1701,On-time,0
ORD0171,2023-10-12,P4,R3,W3,S18,378,340,41,1594,786,On-time,0
ORD0172,2023-08-13,P6,R1,W1,S12,384,384,48,1555,1851,On-time,0
ORD0173,2025-11-26,P3,R2,W2,S4,843,674,18,1205,1546,Delayed,2
ORD0174,2024-08-25,P1,R2,W2,S1,677,541,26,1657,1284,Delayed,3
ORD0175,2022-05-02,P1,R5,W5,S8,322,225,22,1381,1292,Delayed,1
ORD0176,2022-01-19,P3,R5,W5,S20,366,256,22,2011,974,Delayed,3
ORD0177,2024-08-16,P3,R2,W2,S4,651,585,19,1604,1862,On-time,0
ORD0178,2025-10-13,P2,R2,W2,S20,966,966,26,1195,1078,On-time,0
ORD0179,2022-10-15,P4,R3,W3,S8,278,194,42,1618,1892,Delayed,3
ORD0180,2025-03-19,P1,R3,W3,S21,1067,960,23,1830,1729,On-time,0
ORD0181,2025-12-11,P3,R1,W1,S21,900,810,18,1931,1940,On-time,0
ORD0182,2024-02-05,P4,R5,W5,S16,581,464,43,2155,929,Delayed,1
ORD0183,2025-01-26,P5,R2,W2,S19,764,611,66,2001,886,Delayed,3
ORD0184,2024-07-01,P1,R4,W4,S5,688,688,27,1810,1221,On-time,0
ORD0185,2022-01-07,P6,R2,W2,S19,282,197,40,1141,1666,Delayed,1
ORD0186,2023-08-11,P4,R2,W2,S25,507,405,41,1769,864,Delayed,3
ORD0187,2025-09-17,P5,R2,W2,S21,887,798,64,1007,746,On-time,0
ORD0188,2023-09-04,P4,R5,W5,S14,444,444,40,1386,931,On-time,0
ORD0189,2022-03-07,P6,R4,W4,S20,232,162,40,1914,1924,Delayed,3
ORD0190,2025-12-11,P1,R2,W2,S24,728,509,26,1286,1731,Delayed,2
ORD0191,2023-04-25,P6,R5,W5,S11,414,372,43,1846,1315,On-time,0
ORD0192,2023-07-18,P1,R5,W5,S19,518,414,30,2374,1480,Delayed,3
ORD0193,2023-10-15,P6,R4,W4,S14,467,373,43,1461,1315,Delayed,3
ORD0194,2022-10-23,P4,R1,W1,S18,200,200,41,1416,1376,On-time,0
ORD0195,2025-08-17,P1,R4,W4,S12,863,604,28,2238,1934,Delayed,1
ORD0196,2022-05-30,P2,R5,W5,S24,330,264,21,1389,940,Delayed,3
ORD0197,2024-09-07,P2,R5,W5,S23,579,463,21,2092,1435,Delayed,2
ORD0198,2023-06-20,P3,R5,W5,S16,462,462,20,1847,793,On-time,0
ORD0199,2025-02-26,P2,R2,W2,S1,854,768,24,1471,1477,On-time,0
ORD0200,2025-03-12,P2,R4,W4,S18,758,682,25,1346,986,On-time,0
ORD0201,2025-01-24,P4,R2,W2,S18,878,614,45,1844,981,Delayed,3
ORD0202,2023-04-19,P1,R2,W2,S1,494,395,28,2365,1962,Delayed,2
ORD0203,2025-09-12,P4,R1,W1,S1,936,936,43,2028,1581,On-time,0
ORD0204,2023-01-03,P1,R1,W1,S17,534,427,23,1161,1464,Delayed,2
ORD0205,2024-07-29,P5,R2,W2,S23,539,431,72,1772,1831,Delayed,2
ORD0206,2022-04-25,P6,R1,W1,S23,224,179,49,1195,1781,Delayed,1
ORD0207,2023-04-16,P2,R5,W5,S16,491,441,19,1067,1067,On-time,0
ORD0208,2023-10-07,P1,R2,W2,S19,491,392,26,2160,1496,Delayed,3
ORD0209,2025-01-12,P3,R4,W4,S25,891,712,20,1475,855,Delayed,2
ORD0210,2025-05-24,P5,R5,W5,S13,1158,1042,67,2132,1468,On-time,0
ORD0211,2024-06-03,P2,R5,W5,S22,695,695,22,1315,1478,On-time,0
ORD0212,2025-12-28,P6,R2,W2,S24,940,940,44,1910,1437,On-time,0
ORD0213,2023-07-07,P1,R2,W2,S3,526,420,26,1724,1835,Delayed,1
ORD0214,2025-05-07,P5,R3,W3,S13,902,631,77,2171,1767,Delayed,1
ORD0215,2025-11-04,P4,R2,W2,S5,824,741,37,1890,1265,On-time,0
ORD0216,2024-05-12,P3,R4,W4,S3,710,639,22,1937,919,On-time,0
ORD0217,2022-10-05,P3,R1,W1,S13,238,214,20,2333,1917,On-time,0
ORD0218,2022-10-06,P3,R3,W3,S20,281,224,17,2423,1996,Delayed,2
ORD0219,2025-03-25,P2,R3,W3,S13,811,729,23,2117,1068,On-time,0
ORD0220,2025-10-28,P5,R1,W1,S24,856,856,73,2022,985,On-time,0
ORD0221,2025-07-21,P3,R2,W2,S9,1035,828,16,2192,1520,Delayed,3
ORD0222,2024-11-03,P6,R4,W4,S18,500,350,50,2361,1427,Delayed,1
ORD0223,2025-08-18,P5,R1,W1,S19,904,904,63,1454,1745,On-time,0
ORD0224,2024-11-28,P5,R5,W5,S23,520,416,78,1308,1406,Delayed,1
ORD0225,2024-09-15,P1,R3,W3,S14,612,428,21,1423,1767,Delayed,2
ORD0226,2023-12-15,P4,R1,W1,S15,537,537,35,1702,923,On-time,0
ORD0227,2025-10-18,P2,R2,W2,S17,855,684,20,1474,1529,Delayed,3
ORD0228,2023-01-13,P2,R4,W4,S13,363,254,21,1009,1139,Delayed,1
ORD0229,2023-07-25,P6,R1,W1,S19,392,274,47,1233,1237,Delayed,3
ORD0230,2024-09-29,P5,R3,W3,S20,704,704,71,2264,1053,On-time,0
ORD0231,2025-10-11,P6,R3,W3,S20,791,553,44,1239,1074,Delayed,2
ORD0232,2025-11-21,P2,R5,W5,S13,867,867,20,2301,1800,On-time,0
ORD0233,2025-11-21,P6,R2,W2,S18,853,682,47,2268,809,Delayed,2
ORD0234,2022-01-20,P4,R2,W2,S7,247,247,41,2454,1609,On-time,0
ORD0235,2024-09-27,P2,R1,W1,S19,821,574,22,1591,1044,Delayed,2
ORD0236,2025-03-04,P6,R4,W4,S18,900,630,48,1085,1603,Delayed,3
ORD0237,2023-03-24,P4,R1,W1,S24,287,229,39,1899,940,Delayed,1
ORD0238,2023-03-06,P6,R5,W5,S23,464,417,43,1423,821,On-time,0
ORD0239,2025-03-13,P3,R5,W5,S9,797,637,19,2391,895,Delayed,1
ORD0240,2024-04-22,P1,R3,W3,S21,718,574,22,1804,1702,Delayed,1
ORD0241,2025-03-28,P6,R3,W3,S21,786,786,46,2055,1269,On-time,0
ORD0242,2025-11-23,P3,R4,W4,S16,840,756,16,2428,1433,On-time,0
ORD0243,2022-05-10,P5,R4,W4,S7,340,340,69,2120,1883,On-time,0
ORD0244,2022-09-25,P5,R4,W4,S11,369,258,63,1903,1634,Delayed,1
ORD0245,2024-05-26,P2,R2,W2,S21,553,497,22,1168,1461,On-time,0
ORD0246,2025-09-22,P6,R2,W2,S2,823,823,41,2441,894,On-time,0
ORD0247,2022-01-03,P2,R4,W4,S3,262,209,21,1246,1564,Delayed,3
ORD0248,2022-09-28,P4,R1,W1,S8,247,247,40,1280,1483,On-time,0
ORD0249,2022-09-30,P6,R2,W2,S3,441,308,50,1310,1543,Delayed,3
ORD0250,2025-11-07,P4,R2,W2,S3,882,617,40,1286,1207,Delayed,2
ORD0251,2025-08-13,P1,R2,W2,S18,749,674,20,1386,1502,On-time,0
ORD0252,2023-08-29,P6,R1,W1,S8,523,523,49,1145,1781,On-time,0
ORD0253,2022-01-25,P3,R3,W3,S5,469,469,20,1149,734,On-time,0
ORD0254,2025-04-17,P1,R1,W1,S9,932,745,20,2459,1726,Delayed,2
ORD0255,2024-05-17,P6,R4,W4,S3,528,422,43,1318,1798,Delayed,2
ORD0256,2024-03-11,P5,R1,W1,S10,611,611,73,1928,1953,On-time,0
ORD0257,2025-05-31,P1,R3,W3,S22,951,760,21,1710,1771,Delayed,3
ORD0258,2023-06-15,P2,R3,W3,S5,393,353,18,1130,1238,On-time,0
ORD0259,2025-12-29,P5,R1,W1,S16,885,885,78,1753,1022,On-time,0
ORD0260,2023-06-07,P1,R5,W5,S22,511,357,23,1094,1666,Delayed,2
ORD0261,2024-02-24,P2,R2,W2,S2,575,575,23,1159,1870,On-time,0
ORD0262,2024-02-03,P1,R5,W5,S22,645,451,22,1578,1336,Delayed,2
ORD0263,2022-06-26,P5,R4,W4,S1,100,90,67,1754,1911,On-time,0
ORD0264,2024-10-07,P2,R5,W5,S25,568,454,18,1709,719,Delayed,2
ORD0265,2022-01-03,P6,R4,W4,S24,279,251,40,1291,1273,On-time,0
ORD0266,2022-07-10,P1,R2,W2,S17,200,200,25,1273,1507,On-time,0
ORD0267,2022-06-03,P5,R5,W5,S2,430,430,68,1804,1368,On-time,0
ORD0268,2023-10-14,P4,R3,W3,S8,335,234,37,1920,1654,Delayed,2
ORD0269,2024-04-12,P1,R5,W5,S12,614,491,27,1322,1323,Delayed,3
ORD0270,2025-11-28,P5,R1,W1,S7,860,774,72,1100,1312,On-time,0
ORD0271,2023-06-17,P2,R1,W1,S13,565,565,26,1286,948,On-time,0
ORD0272,2022-01-25,P1,R2,W2,S5,185,148,26,1153,744,Delayed,1
ORD0273,2023-02-09,P6,R4,W4,S5,543,380,42,2175,1587,Delayed,3
ORD0274,2024-03-19,P4,R1,W1,S13,650,650,37,1913,1004,On-time,0
ORD0275,2022-03-12,P5,R5,W5,S20,221,176,77,1124,879,Delayed,2
ORD0276,2024-02-24,P2,R4,W4,S7,686,548,26,2115,1692,Delayed,2
ORD0277,2025-03-04,P5,R3,W3,S13,865,778,67,1575,819,On-time,0
ORD0278,2024-08-24,P5,R3,W3,S25,601,480,67,2092,814,Delayed,1
ORD0279,2025-03-25,P4,R3,W3,S6,855,684,44,2162,1854,Delayed,1
ORD0280,2025-02-27,P2,R4,W4,S18,819,737,25,2232,1148,On-time,0
ORD0281,2022-02-10,P5,R4,W4,S1,309,278,65,1121,744,On-time,0
ORD0282,2022-10-30,P5,R2,W2,S25,352,246,72,1206,1389,Delayed,2
ORD0283,2023-10-23,P2,R2,W2,S24,576,576,25,1730,1157,On-time,0
ORD0284,2025-09-25,P5,R2,W2,S13,750,675,78,2162,766,On-time,0
ORD0285,2023-01-08,P5,R3,W3,S20,620,496,70,1487,1410,Delayed,2
ORD0286,2022-12-10,P6,R1,W1,S23,143,128,41,1717,1225,On-time,0
ORD0287,2022-08-10,P6,R1,W1,S2,287,287,46,1719,1818,On-time,0
ORD0288,2024-02-08,P1,R4,W4,S19,697,557,22,1652,1234,Delayed,1
ORD0289,2022-06-01,P3,R2,W2,S13,322,257,16,1988,763,Delayed,2
ORD0290,2025-08-31,P2,R5,W5,S14,800,640,19,2427,1834,Delayed,3
ORD0291,2025-01-11,P3,R3,W3,S10,833,666,21,1314,811,Delayed,2
ORD0292,2022-01-08,P4,R1,W1,S10,260,260,38,1597,867,On-time,0
ORD0293,2024-08-27,P1,R3,W3,S13,602,602,27,1378,1459,On-time,0
ORD0294,2024-02-21,P3,R2,W2,S15,717,501,22,2155,826,Delayed,1
ORD0295,2025-11-27,P6,R1,W1,S3,878,790,46,2070,1557,On-time,0
ORD0296,2025-01-01,P6,R4,W4,S19,794,635,48,2169,1758,Delayed,3
ORD0297,2025-10-19,P5,R2,W2,S4,921,921,64,1867,860,On-time,0
ORD0298,2025-10-31,P4,R2,W2,S21,874,699,36,2139,1513,Delayed,3
ORD0299,2023-10-30,P3,R5,W5,S15,515,360,21,1303,1860,Delayed,3
ORD0300,2025-04-08,P1,R1,W1,S19,900,630,24,2341,1694,Delayed,3
ORD0301,2025-06-01,P4,R1,W1,S6,783,704,35,2414,1186,On-time,0
ORD0302,2022-04-11,P6,R4,W4,S9,255,229,47,2425,901,On-time,0
ORD0303,2023-04-12,P2,R3,W3,S24,509,509,22,1384,1604,On-time,0
ORD0304,2023-03-09,P4,R4,W4,S25,498,448,36,1826,977,On-time,0
ORD0305,2024-12-09,P5,R1,W1,S6,648,518,74,1738,1107,Delayed,2
ORD0306,2024-01-25,P4,R5,W5,S13,659,461,40,1913,1063,Delayed,2
ORD0307,2025-04-16,P5,R3,W3,S12,952,761,72,1333,1871,Delayed,1
ORD0308,2023-03-30,P6,R2,W2,S22,402,321,47,1270,1054,Delayed,3
ORD0309,2022-01-18,P2,R3,W3,S20,343,308,22,1516,1146,On-time,0
ORD0310,2024-08-13,P3,R5,W5,S20,633,633,15,2325,1916,On-time,0
ORD0311,2025-06-01,P3,R3,W3,S22,832,582,20,1567,1234,Delayed,3
ORD0312,2025-12-27,P6,R3,W3,S7,937,749,50,1654,986,Delayed,3
ORD0313,2022-02-22,P6,R4,W4,S10,366,329,49,1388,1402,On-time,0
ORD0314,2025-12-31,P2,R5,W5,S21,915,915,23,1601,899,On-time,0
ORD0315,2024-08-22,P2,R3,W3,S24,754,603,23,1628,1561,Delayed,2
ORD0316,2024-02-01,P3,R5,W5,S10,651,651,15,2271,845,On-time,0
ORD0317,2024-08-25,P2,R5,W5,S4,704,704,22,1410,1401,On-time,0
ORD0318,2024-04-18,P5,R4,W4,S5,625,562,80,1641,1999,On-time,0
ORD0319,2022-04-29,P1,R4,W4,S9,325,260,22,1888,1997,Delayed,2
ORD0320,2024-04-06,P4,R4,W4,S13,639,447,40,2087,1090,Delayed,1
ORD0321,2025-10-17,P1,R2,W2,S8,857,771,24,1626,1042,On-time,0
ORD0322,2022-05-14,P1,R3,W3,S10,347,347,28,2003,1435,On-time,0
ORD0323,2023-01-21,P2,R4,W4,S1,384,307,20,1346,952,Delayed,2
ORD0324,2025-12-27,P6,R1,W1,S13,1017,915,50,1040,798,On-time,0
ORD0325,2025-11-13,P1,R4,W4,S15,769,769,21,2423,1990,On-time,0
ORD0326,2022-01-20,P3,R4,W4,S22,202,141,19,1857,914,Delayed,3
ORD0327,2025-06-19,P1,R3,W3,S4,942,659,27,1733,1539,Delayed,2
ORD0328,2022-11-25,P1,R5,W5,S16,363,290,27,1182,926,Delayed,3
ORD0329,2025-10-02,P4,R2,W2,S3,899,629,42,1950,802,Delayed,1
ORD0330,2022-12-24,P1,R3,W3,S12,350,315,26,2358,1049,On-time,0
ORD0331,2023-11-05,P3,R4,W4,S20,449,404,20,1819,1634,On-time,0
ORD0332,2023-07-11,P4,R4,W4,S14,378,302,37,2209,1688,Delayed,3
ORD0333,2025-10-21,P4,R2,W2,S20,856,856,42,1842,1602,On-time,0
ORD0334,2022-04-05,P1,R3,W3,S21,245,220,20,2071,1966,On-time,0
ORD0335,2022-07-15,P4,R2,W2,S16,378,340,43,1023,1021,On-time,0
ORD0336,2024-11-01,P4,R4,W4,S6,638,446,40,2038,1156,Delayed,3
ORD0337,2025-08-10,P4,R4,W4,S8,783,548,36,1647,943,Delayed,2
ORD0338,2025-08-31,P1,R1,W1,S13,824,824,20,2305,1323,On-time,0
ORD0339,2024-11-07,P5,R2,W2,S21,683,683,74,2147,1969,On-time,0
ORD0340,2025-05-13,P4,R3,W3,S23,804,804,35,2297,1297,On-time,0
ORD0341,2025-01-26,P5,R3,W3,S23,784,548,73,1520,1951,Delayed,1
ORD0342,2023-01-20,P1,R4,W4,S7,469,469,23,2376,1905,On-time,0
ORD0343,2022-09-10,P4,R4,W4,S22,319,255,43,1989,1741,Delayed,1
ORD0344,2025-11-17,P5,R2,W2,S24,809,647,72,2247,1208,Delayed,2
ORD0345,2024-03-25,P3,R3,W3,S15,612,489,19,2295,1145,Delayed,1
ORD0346,2023-03-06,P5,R3,W3,S22,468,421,77,1660,936,On-time,0
ORD0347,2023-12-23,P5,R4,W4,S19,334,334,60,1218,751,On-time,0
ORD0348,2024-02-20,P2,R1,W1,S22,537,375,22,1127,1304,Delayed,1
ORD0349,2025-01-13,P1,R3,W3,S15,792,554,29,1486,1746,Delayed,3
ORD0350,2023-08-13,P6,R1,W1,S13,432,432,43,2270,1607,On-time,0
ORD0351,2023-04-07,P6,R3,W3,S25,474,379,42,1355,1752,Delayed,1
ORD0352,2024-02-12,P1,R4,W4,S9,768,691,22,2453,1017,On-time,0
ORD0353,2022-03-23,P2,R3,W3,S20,368,257,22,1149,1350,Delayed,3
ORD0354,2023-03-27,P2,R5,W5,S3,437,349,26,1436,1379,Delayed,2
ORD0355,2024-01-09,P3,R2,W2,S25,648,648,16,1492,1956,On-time,0
ORD0356,2025-06-26,P2,R1,W1,S22,769,692,19,1050,1758,On-time,0
ORD0357,2024-02-07,P5,R5,W5,S15,648,648,76,1196,1042,On-time,0
ORD0358,2025-01-06,P5,R1,W1,S21,826,578,66,2439,1591,Delayed,3
ORD0359,2022-05-28,P6,R2,W2,S1,325,325,42,1515,1842,On-time,0
ORD0360,2022-05-25,P5,R2,W2,S9,233,233,70,1797,942,On-time,0
ORD0361,2024-12-31,P1,R5,W5,S3,691,483,21,1177,1276,Delayed,2
ORD0362,2024-02-21,P4,R1,W1,S16,772,617,41,2298,995,Delayed,2
ORD0363,2025-10-19,P6,R3,W3,S1,841,672,46,2100,1821,Delayed,1
ORD0364,2023-09-17,P2,R3,W3,S7,482,482,26,2263,1217,On-time,0
ORD0365,2023-02-02,P1,R2,W2,S22,505,353,28,1201,1104,Delayed,3
ORD0366,2025-04-04,P4,R3,W3,S12,817,653,39,1396,1350,Delayed,2
ORD0367,2024-07-11,P3,R5,W5,S22,667,600,20,1009,1341,On-time,0
ORD0368,2023-05-20,P2,R4,W4,S9,451,405,23,1625,1697,On-time,0
ORD0369,2025-02-03,P1,R2,W2,S21,857,599,24,2489,854,Delayed,1
ORD0370,2024-11-04,P6,R1,W1,S19,588,588,48,2105,1666,On-time,0
ORD0371,2025-09-01,P2,R3,W3,S13,851,680,22,1185,1512,Delayed,2
ORD0372,2024-10-25,P1,R2,W2,S20,689,551,28,2158,999,Delayed,3
ORD0373,2024-09-17,P3,R1,W1,S8,766,766,19,2369,1123,On-time,0
ORD0374,2024-11-26,P3,R4,W4,S16,726,726,20,1560,1239,On-time,0
ORD0375,2025-03-31,P5,R5,W5,S6,1022,1022,80,2058,1215,On-time,0
ORD0376,2024-02-10,P2,R5,W5,S13,588,529,25,1284,1600,On-time,0
ORD0377,2022-12-06,P2,R1,W1,S17,369,332,20,2469,942,On-time,0
ORD0378,2025-09-15,P2,R4,W4,S11,864,604,25,2325,1541,Delayed,1
ORD0379,2023-05-15,P1,R2,W2,S19,625,500,22,1340,1228,Delayed,1
ORD0380,2024-11-24,P4,R5,W5,S19,585,409,38,1965,1686,Delayed,1
ORD0381,2023-03-26,P4,R5,W5,S5,382,305,37,2221,1909,Delayed,1
ORD0382,2023-04-16,P4,R4,W4,S5,402,281,37,1363,1674,Delayed,3
ORD0383,2025-05-13,P1,R5,W5,S17,680,475,21,2389,1583,Delayed,3
ORD0384,2024-05-11,P3,R1,W1,S23,607,607,21,1200,1571,On-time,0
ORD0385,2022-10-02,P3,R4,W4,S25,239,191,21,2452,714,Delayed,3
ORD0386,2024-12-06,P1,R5,W5,S1,662,662,30,1316,1572,On-time,0
ORD0387,2025-08-27,P5,R3,W3,S9,877,877,72,1846,1830,On-time,0
ORD0388,2025-02-15,P4,R2,W2,S12,1000,1000,41,1243,1170,On-time,0
ORD0389,2024-07-03,P6,R2,W2,S4,726,580,50,2447,806,Delayed,1
ORD0390,2024-03-07,P6,R1,W1,S3,603,482,43,1759,863,Delayed,3
ORD0391,2022-03-19,P6,R4,W4,S13,228,205,47,1021,1113,On-time,0
ORD0392,2025-09-07,P5,R3,W3,S7,889,622,65,1073,1436,Delayed,1
ORD0393,2025-09-03,P1,R2,W2,S3,744,669,26,2060,731,On-time,0
ORD0394,2025-12-12,P1,R1,W1,S18,996,896,28,1398,1631,On-time,0
ORD0395,2024-04-07,P5,R1,W1,S9,744,595,62,1602,1396,Delayed,1
ORD0396,2024-11-17,P3,R5,W5,S19,612,550,22,2395,1643,On-time,0
ORD0397,2025-04-16,P1,R4,W4,S4,712,640,21,1844,1423,On-time,0
ORD0398,2024-11-23,P5,R1,W1,S23,758,682,70,2135,1065,On-time,0
ORD0399,2024-09-02,P3,R3,W3,S7,640,576,22,1543,1123,On-time,0
ORD0400,2023-04-15,P2,R2,W2,S20,549,494,19,1013,1808,On-time,0
ORD0401,2022-03-28,P4,R3,W3,S20,172,154,37,1814,1154,On-time,0
ORD0402,2025-03-27,P2,R1,W1,S17,802,802,26,2405,1057,On-time,0
ORD0403,2024-07-25,P1,R5,W5,S15,650,585,20,1666,1440,On-time,0
ORD0404,2025-06-08,P3,R2,W2,S18,853,767,22,1376,1721,On-time,0
ORD0405,2024-05-18,P2,R4,W4,S23,613,551,24,1268,1879,On-time,0
ORD0406,2025-11-05,P2,R1,W1,S24,899,809,26,1306,1668,On-time,0
ORD0407,2022-01-20,P2,R4,W4,S16,214,171,26,2151,1862,Delayed,1
ORD0408,2024-03-26,P1,R2,W2,S2,638,510,24,1739,1437,Delayed,3
ORD0409,2025-02-15,P3,R3,W3,S1,859,859,18,2329,1802,On-time,0
ORD0410,2022-12-24,P3,R3,W3,S11,341,341,21,2293,996,On-time,0
ORD0411,2022-12-10,P6,R3,W3,S14,356,356,45,1648,1296,On-time,0
ORD0412,2025-12-25,P3,R5,W5,S21,760,760,20,1847,1042,On-time,0
ORD0413,2023-01-12,P1,R2,W2,S24,327,261,30,1210,895,Delayed,1
ORD0414,2024-08-27,P5,R1,W1,S1,752,752,79,1172,1498,On-time,0
ORD0415,2023-09-26,P2,R2,W2,S24,476,428,20,1071,1430,On-time,0
ORD0416,2023-10-29,P4,R4,W4,S18,390,351,43,2223,1635,On-time,0
ORD0417,2025-07-16,P6,R5,W5,S14,974,876,44,1749,1544,On-time,0
ORD0418,2023-06-17,P2,R3,W3,S1,459,321,20,1017,1707,Delayed,2
ORD0419,2023-09-06,P1,R4,W4,S10,544,435,20,1895,1508,Delayed,1
ORD0420,2022-12-01,P6,R4,W4,S13,305,244,48,2255,1256,Delayed,2
ORD0421,2025-08-21,P6,R5,W5,S9,1014,1014,41,2304,1632,On-time,0
ORD0422,2025-06-19,P4,R3,W3,S23,990,990,37,1045,1080,On-time,0
ORD0423,2022-07-29,P3,R3,W3,S5,280,280,16,1444,1400,On-time,0
ORD0424,2024-05-10,P3,R4,W4,S12,727,727,16,1803,846,On-time,0
ORD0425,2025-01-17,P4,R2,W2,S7,901,810,38,1506,768,On-time,0
ORD0426,2023-02-12,P4,R1,W1,S17,559,447,40,2491,786,Delayed,3
ORD0427,2025-01-30,P5,R1,W1,S9,772,772,61,1446,931,On-time,0
ORD0428,2023-04-29,P6,R4,W4,S11,504,352,40,1086,1890,Delayed,3
ORD0429,2024-08-31,P6,R5,W5,S5,734,660,50,2266,1393,On-time,0
ORD0430,2025-07-04,P1,R1,W1,S12,709,567,28,2143,1411,Delayed,2
ORD0431,2023-01-31,P1,R4,W4,S12,355,284,24,2111,1703,Delayed,1
ORD0432,2025-03-06,P2,R5,W5,S12,686,617,22,1920,1305,On-time,0
ORD0433,2023-06-24,P5,R3,W3,S15,428,299,60,1745,1970,Delayed,1
ORD0434,2023-10-19,P6,R1,W1,S22,507,507,49,1579,1360,On-time,0
ORD0435,2024-04-19,P6,R3,W3,S4,770,539,40,1413,919,Delayed,2
ORD0436,2023-01-28,P1,R1,W1,S19,455,455,30,2240,845,On-time,0
ORD0437,2022-01-27,P2,R4,W4,S3,430,430,18,2450,819,On-time,0
ORD0438,2025-06-17,P3,R5,W5,S2,739,517,18,2485,1173,Delayed,3
ORD0439,2024-02-29,P2,R2,W2,S17,513,410,20,1733,1639,Delayed,3
ORD0440,2025-09-24,P4,R1,W1,S6,845,676,45,2228,1607,Delayed,2
ORD0441,2023-10-08,P5,R3,W3,S12,480,480,67,2117,1138,On-time,0
ORD0442,2024-02-08,P5,R3,W3,S12,647,647,69,1033,1760,On-time,0
ORD0443,2022-10-04,P3,R1,W1,S10,134,107,15,2139,1868,Delayed,3
ORD0444,2022-11-13,P1,R1,W1,S15,292,262,22,1477,1224,On-time,0
ORD0445,2023-09-08,P1,R5,W5,S13,345,276,21,1195,1919,Delayed,3
ORD0446,2023-09-08,P1,R5,W5,S13,503,352,20,1464,1933,Delayed,1
ORD0447,2025-07-22,P6,R4,W4,S2,879,791,42,1669,1728,On-time,0
ORD0448,2025-11-30,P2,R2,W2,S2,774,774,26,1807,1003,On-time,0
ORD0449,2022-09-28,P3,R1,W1,S16,258,180,19,1889,967,Delayed,1
ORD0450,2024-09-11,P5,R2,W2,S16,565,565,62,1880,1362,On-time,0
ORD0451,2025-11-03,P5,R1,W1,S4,844,844,70,2216,749,On-time,0
ORD0452,2023-09-17,P2,R3,W3,S20,526,526,20,2403,1465,On-time,0
ORD0453,2022-11-16,P6,R1,W1,S4,221,154,41,1624,1621,Delayed,2
ORD0454,2022-02-16,P3,R2,W2,S24,340,272,19,2494,989,Delayed,3
ORD0455,2025-12-02,P6,R1,W1,S13,807,564,49,1555,808,Delayed,2
ORD0456,2025-09-02,P1,R1,W1,S13,786,707,30,1791,1173,On-time,0
ORD0457,2024-02-19,P5,R1,W1,S11,641,641,66,1937,1848,On-time,0
ORD0458,2025-12-30,P1,R1,W1,S8,767,690,25,2401,1420,On-time,0
ORD0459,2023-12-29,P6,R3,W3,S8,405,364,44,1461,1010,On-time,0
ORD0460,2023-12-01,P4,R2,W2,S3,354,354,38,1873,1339,On-time,0
ORD0461,2025-05-24,P3,R4,W4,S18,1007,805,18,1276,1580,Delayed,1
ORD0462,2025-09-05,P5,R2,W2,S11,852,596,70,2489,760,Delayed,2
ORD0463,2024-04-27,P4,R3,W3,S15,594,534,37,2253,1963,On-time,0
ORD0464,2023-07-01,P5,R5,W5,S20,467,373,60,1162,1676,Delayed,1
ORD0465,2024-10-25,P5,R4,W4,S23,641,576,64,1395,1163,On-time,0
ORD0466,2022-03-08,P4,R1,W1,S9,282,282,36,2263,1703,On-time,0
ORD0467,2025-11-09,P3,R4,W4,S8,899,899,21,2171,1916,On-time,0
ORD0468,2025-01-03,P5,R1,W1,S17,910,637,76,1810,780,Delayed,3
ORD0469,2024-03-04,P5,R1,W1,S7,607,546,74,1865,1302,On-time,0
ORD0470,2025-06-09,P1,R5,W5,S5,803,803,30,2198,1819,On-time,0
ORD0471,2022-10-05,P4,R4,W4,S11,277,277,44,1184,1212,On-time,0
ORD0472,2023-10-26,P6,R2,W2,S23,265,185,41,2072,1486,Delayed,3
ORD0473,2024-11-13,P5,R2,W2,S13,528,528,64,1296,1066,On-time,0
ORD0474,2025-12-29,P1,R4,W4,S10,959,863,27,1007,1975,On-time,0
ORD0475,2023-06-03,P1,R4,W4,S16,581,581,28,2350,1674,On-time,0
ORD0476,2024-07-18,P4,R4,W4,S3,630,441,44,1425,800,Delayed,1
ORD0477,2022-10-31,P1,R3,W3,S2,346,276,20,1853,1065,Delayed,1
ORD0478,2025-10-08,P3,R5,W5,S22,874,699,15,1754,1476,Delayed,1
ORD0479,2024-05-25,P5,R1,W1,S10,896,896,76,2074,1129,On-time,0
ORD0480,2025-11-26,P2,R5,W5,S2,939,657,26,1874,1946,Delayed,2
ORD0481,2023-06-16,P5,R5,W5,S20,439,395,65,1476,1294,On-time,0
ORD0482,2023-02-01,P1,R1,W1,S1,373,373,30,1093,1383,On-time,0
ORD0483,2023-12-18,P5,R2,W2,S1,321,256,69,2126,1363,Delayed,1
ORD0484,2022-08-22,P6,R3,W3,S11,316,316,45,2377,1681,On-time,0
ORD0485,2024-08-29,P1,R2,W2,S16,589,471,30,2067,1313,Delayed,3
ORD0486,2025-10-20,P3,R5,W5,S18,736,515,20,1063,1394,Delayed,2
ORD0487,2025-07-07,P5,R2,W2,S19,798,798,61,1847,877,On-time,0
ORD0488,2024-10-14,P2,R3,W3,S15,563,506,26,1076,1113,On-time,0
ORD0489,2022-07-09,P4,R5,W5,S1,434,434,40,1635,1370,On-time,0
ORD0490,2022-10-21,P1,R5,W5,S22,370,296,23,1008,1336,Delayed,1
ORD0491,2025-11-08,P5,R1,W1,S11,849,849,78,2308,1129,On-time,0
ORD0492,2023-10-20,P2,R2,W2,S10,568,511,23,1305,1022,On-time,0
ORD0493,2023-07-15,P1,R1,W1,S20,456,319,23,1289,1280,Delayed,3
ORD0494,2023-05-17,P2,R1,W1,S10,381,342,25,2383,803,On-time,0
ORD0495,2022-08-05,P4,R1,W1,S3,421,421,44,1680,1105,On-time,0
ORD0496,2025-12-31,P6,R5,W5,S3,893,893,47,1635,1653,On-time,0
ORD0497,2024-08-21,P2,R2,W2,S5,567,510,24,1928,1698,On-time,0
ORD0498,2022-03-03,P1,R4,W4,S4,284,255,27,2176,960,On-time,0
ORD0499,2024-11-06,P1,R4,W4,S23,579,405,25,1820,1909,Delayed,2
ORD0500,2023-05-04,P5,R2,W2,S18,339,271,66,1882,1591,Delayed,3
ORD0501,2023-12-02,P5,R2,W2,S6,524,366,79,1666,1836,Delayed,1
ORD0502,2024-06-30,P2,R3,W3,S13,802,561,19,2352,825,Delayed,1
ORD0503,2023-03-22,P2,R5,W5,S25,338,236,20,2260,1883,Delayed,2
ORD0504,2023-02-05,P2,R3,W3,S10,495,445,23,2045,1527,On-time,0
ORD0505,2022-09-19,P3,R1,W1,S12,247,172,20,1481,1584,Delayed,3
ORD0506,2025-04-23,P4,R3,W3,S23,811,811,43,1355,1672,On-time,0
ORD0507,2022-10-12,P2,R5,W5,S13,252,226,20,1023,846,On-time,0
ORD0508,2025-08-20,P1,R2,W2,S24,780,780,30,1851,1633,On-time,0
ORD0509,2025-11-25,P5,R4,W4,S20,853,682,74,1727,1162,Delayed,1
ORD0510,2024-05-19,P5,R1,W1,S19,583,583,77,1751,768,On-time,0
ORD0511,2022-03-19,P5,R4,W4,S23,321,288,76,1952,1758,On-time,0
ORD0512,2022-06-10,P5,R5,W5,S3,295,236,61,2095,722,Delayed,2
ORD0513,2024-07-18,P5,R4,W4,S19,630,567,65,2423,1923,On-time,0
ORD0514,2023-09-15,P6,R5,W5,S9,377,263,50,1597,1978,Delayed,1
ORD0515,2023-08-11,P4,R1,W1,S5,403,282,44,1526,729,Delayed,3
ORD0516,2022-08-17,P5,R2,W2,S19,360,288,68,1993,1070,Delayed,3
ORD0517,2022-03-09,P3,R1,W1,S5,340,272,21,1342,1131,Delayed,3
ORD0518,2023-12-08,P1,R3,W3,S25,371,259,20,1975,1790,Delayed,1
ORD0519,2024-02-17,P6,R4,W4,S16,657,591,47,1782,1346,On-time,0
ORD0520,2024-12-21,P6,R1,W1,S4,710,639,41,1522,1896,On-time,0
ORD0521,2024-03-12,P4,R2,W2,S24,516,412,40,2377,717,Delayed,1
ORD0522,2022-01-25,P4,R1,W1,S17,343,240,38,1395,769,Delayed,1
ORD0523,2025-06-22,P1,R1,W1,S20,796,636,29,1769,1859,Delayed,1
ORD0524,2022-08-16,P6,R2,W2,S9,345,310,50,1662,1227,On-time,0
ORD0525,2022-11-28,P1,R3,W3,S25,238,166,26,1364,1602,Delayed,1
ORD0526,2024-10-04,P2,R5,W5,S13,505,404,25,1447,1957,Delayed,3
ORD0527,2022-08-06,P4,R3,W3,S4,169,118,42,1304,701,Delayed,1
ORD0528,2025-09-23,P4,R3,W3,S5,853,767,42,2490,843,On-time,0
ORD0529,2025-01-11,P2,R1,W1,S13,870,870,26,1113,1994,On-time,0
ORD0530,2025-08-18,P1,R3,W3,S18,777,699,21,2135,780,On-time,0
ORD0531,2024-02-26,P6,R2,W2,S10,701,701,47,1388,986,On-time,0
ORD0532,2022-03-15,P2,R1,W1,S24,167,133,24,2023,1793,Delayed,2
ORD0533,2022-02-03,P1,R3,W3,S2,294,264,20,2071,1638,On-time,0
ORD0534,2025-10-20,P5,R2,W2,S24,753,602,80,1965,1966,Delayed,1
ORD0535,2023-05-13,P6,R2,W2,S1,397,317,49,1349,1910,Delayed,1
ORD0536,2022-08-06,P1,R4,W4,S20,303,242,21,1247,1879,Delayed,3
ORD0537,2022-10-09,P3,R2,W2,S25,231,161,20,1289,1550,Delayed,1
ORD0538,2025-11-27,P3,R5,W5,S6,819,819,17,1770,1023,On-time,0
ORD0539,2022-02-02,P4,R1,W1,S1,380,266,41,1422,993,Delayed,3
ORD0540,2023-07-09,P5,R4,W4,S14,403,322,79,2284,1316,Delayed,2
ORD0541,2024-05-07,P1,R5,W5,S8,716,572,21,2039,1149,Delayed,2
ORD0542,2025-07-06,P6,R2,W2,S9,759,531,47,1361,1027,Delayed,3
ORD0543,2022-03-30,P1,R3,W3,S10,342,273,26,1213,807,Delayed,3
ORD0544,2022-12-27,P2,R1,W1,S16,415,290,21,1858,1107,Delayed,3
ORD0545,2025-10-18,P3,R2,W2,S25,652,456,16,1769,1151,Delayed,1
ORD0546,2024-08-22,P5,R4,W4,S2,586,586,72,1279,1637,On-time,0
ORD0547,2023-02-02,P6,R3,W3,S9,496,396,44,1279,927,Delayed,2
ORD0548,2024-07-28,P4,R2,W2,S25,633,569,45,2183,1832,On-time,0
ORD0549,2023-04-16,P1,R4,W4,S17,479,479,23,1505,1207,On-time,0
ORD0550,2023-11-02,P4,R5,W5,S8,401,320,35,2032,768,Delayed,2
ORD0551,2024-12-23,P4,R4,W4,S23,656,459,36,2419,1532,Delayed,1
ORD0552,2022-09-29,P3,R3,W3,S8,287,200,19,2195,749,Delayed,2
ORD0553,2024-08-07,P2,R4,W4,S6,743,668,25,2414,1381,On-time,0
ORD0554,2024-12-23,P1,R3,W3,S14,670,603,29,1687,812,On-time,0
ORD0555,2024-11-20,P6,R3,W3,S2,677,473,45,1750,1058,Delayed,3
ORD0556,2025-02-18,P6,R1,W1,S18,817,653,50,1979,1888,Delayed,3
ORD0557,2023-03-06,P6,R2,W2,S11,410,369,41,1763,1407,On-time,0
ORD0558,2024-07-15,P4,R5,W5,S17,615,430,42,2378,834,Delayed,1
ORD0559,2024-07-26,P1,R1,W1,S13,681,544,24,2427,1003,Delayed,2
ORD0560,2022-11-05,P2,R5,W5,S21,266,186,24,1909,743,Delayed,2
ORD0561,2023-01-23,P1,R1,W1,S8,473,425,26,2427,1785,On-time,0
ORD0562,2025-01-28,P4,R4,W4,S10,1016,812,38,1590,796,Delayed,1
ORD0563,2023-12-25,P3,R4,W4,S6,519,415,17,1487,939,Delayed,1
ORD0564,2023-10-11,P5,R2,W2,S15,423,380,61,1649,1404,On-time,0
ORD0565,2022-10-30,P3,R4,W4,S18,396,316,16,1297,1638,Delayed,2
ORD0566,2022-11-16,P1,R5,W5,S17,267,240,30,1301,1857,On-time,0
ORD0567,2024-06-24,P3,R1,W1,S24,486,486,16,2264,1151,On-time,0
ORD0568,2024-07-02,P3,R1,W1,S11,569,398,18,1171,1802,Delayed,2
ORD0569,2025-10-18,P6,R1,W1,S17,700,700,48,1114,1439,On-time,0
ORD0570,2024-03-25,P2,R4,W4,S12,621,621,18,1912,1848,On-time,0
ORD0571,2022-06-29,P2,R4,W4,S24,301,301,22,2202,1924,On-time,0
ORD0572,2022-06-26,P2,R2,W2,S10,434,434,23,1013,1538,On-time,0
ORD0573,2025-08-01,P3,R4,W4,S6,876,876,18,2134,1704,On-time,0
ORD0574,2022-03-28,P3,R5,W5,S10,282,282,18,1537,1314,On-time,0
ORD0575,2025-08-04,P6,R4,W4,S4,916,824,40,1244,1267,On-time,0
ORD0576,2024-10-06,P1,R5,W5,S24,473,425,29,1974,944,On-time,0
ORD0577,2024-02-04,P5,R5,W5,S1,668,601,74,1731,1034,On-time,0
ORD0578,2022-04-19,P3,R3,W3,S14,361,324,19,2052,1096,On-time,0
ORD0579,2025-07-10,P2,R1,W1,S20,731,584,23,2403,1442,Delayed,1
ORD0580,2024-12-30,P5,R3,W3,S5,741,518,75,1696,1033,Delayed,1
ORD0581,2023-03-23,P2,R5,W5,S8,477,381,26,1238,968,Delayed,1
ORD0582,2024-09-09,P3,R3,W3,S23,616,554,20,1242,1155,On-time,0
ORD0583,2022-09-21,P6,R2,W2,S23,350,280,46,2414,928,Delayed,1
ORD0584,2022-02-08,P4,R4,W4,S2,481,384,42,1088,835,Delayed,2
ORD0585,2025-09-29,P1,R1,W1,S4,864,691,29,1185,998,Delayed,3
ORD0586,2023-07-23,P5,R3,W3,S12,469,375,78,2083,1144,Delayed,3
ORD0587,2023-01-28,P3,R2,W2,S25,413,289,22,1900,919,Delayed,1
ORD0588,2023-12-28,P4,R4,W4,S7,382,305,36,2064,978,Delayed,2
ORD0589,2024-01-10,P6,R3,W3,S18,716,501,44,1935,1929,Delayed,3
ORD0590,2023-10-01,P6,R4,W4,S8,381,381,50,1752,1067,On-time,0
ORD0591,2022-01-27,P6,R4,W4,S22,305,213,46,1820,1909,Delayed,1
ORD0592,2022-12-12,P1,R3,W3,S7,261,234,23,1570,1891,On-time,0
ORD0593,2025-04-30,P3,R4,W4,S12,888,888,22,1931,921,On-time,0
ORD0594,2022-09-08,P3,R4,W4,S16,326,260,15,2020,754,Delayed,1
ORD0595,2024-02-23,P5,R3,W3,S5,733,659,76,1954,1113,On-time,0
ORD0596,2023-08-25,P6,R4,W4,S16,409,368,41,1785,1621,On-time,0
ORD0597,2023-10-07,P4,R4,W4,S15,428,299,37,1275,1339,Delayed,3
ORD0598,2024-03-07,P4,R1,W1,S19,571,571,42,2037,814,On-time,0
ORD0599,2024-03-12,P3,R4,W4,S19,614,614,19,2209,792,On-time,0
ORD0600,2022-09-20,P3,R3,W3,S24,330,230,21,1731,1543,Delayed,2
ORD0601,2022-04-26,P6,R2,W2,S8,360,288,41,1691,1047,Delayed,1
ORD0602,2025-01-07,P3,R1,W1,S15,776,776,21,2204,745,On-time,0
ORD0603,2023-10-11,P4,R5,W5,S13,519,467,36,2017,1729,On-time,0
ORD0604,2025-09-28,P3,R2,W2,S20,958,862,18,2097,1138,On-time,0
ORD0605,2023-08-12,P3,R1,W1,S10,483,483,16,1137,1860,On-time,0
ORD0606,2024-12-23,P4,R4,W4,S7,800,720,41,1409,1548,On-time,0
ORD0607,2024-04-03,P3,R5,W5,S17,588,588,17,1382,1881,On-time,0
ORD0608,2024-10-19,P2,R4,W4,S9,550,550,18,1492,1008,On-time,0
ORD0609,2025-11-04,P3,R4,W4,S14,707,636,21,1328,1225,On-time,0
ORD0610,2025-11-07,P5,R2,W2,S13,969,775,67,1950,1694,Delayed,3
ORD0611,2024-06-12,P4,R1,W1,S7,702,561,39,2127,1060,Delayed,3
ORD0612,2022-03-28,P6,R4,W4,S1,295,206,45,2375,884,Delayed,2
ORD0613,2022-10-15,P2,R1,W1,S19,322,225,26,2228,950,Delayed,2
ORD0614,2023-11-06,P5,R4,W4,S24,359,287,65,1562,1600,Delayed,2
ORD0615,2023-06-05,P5,R1,W1,S16,645,580,67,1296,1443,On-time,0
ORD0616,2024-08-31,P6,R3,W3,S10,660,461,44,2131,1487,Delayed,2
ORD0617,2025-08-01,P6,R3,W3,S22,858,600,46,1523,1316,Delayed,1
ORD0618,2023-04-28,P3,R2,W2,S6,508,508,21,2006,1664,On-time,0
ORD0619,2024-04-25,P3,R4,W4,S4,688,550,16,2493,1821,Delayed,3
ORD0620,2023-11-01,P4,R1,W1,S25,467,326,45,1820,1109,Delayed,3
ORD0621,2023-09-18,P3,R5,W5,S3,386,270,17,1924,1679,Delayed,3
ORD0622,2022-10-01,P3,R2,W2,S22,337,303,16,1805,1472,On-time,0
ORD0623,2025-03-14,P2,R1,W1,S1,1000,800,25,1821,1965,Delayed,2
ORD0624,2025-05-14,P3,R2,W2,S3,957,861,15,2379,1712,On-time,0
ORD0625,2022-08-31,P2,R2,W2,S7,427,384,25,2228,1141,On-time,0
ORD0626,2023-08-03,P6,R2,W2,S14,409,327,43,2265,1623,Delayed,1
ORD0627,2024-01-28,P5,R4,W4,S3,570,399,66,2450,1566,Delayed,3
ORD0628,2025-05-08,P3,R1,W1,S4,839,587,18,2373,1925,Delayed,3
ORD0629,2022-04-04,P1,R3,W3,S17,304,304,24,2188,1067,On-time,0
ORD0630,2023-06-18,P2,R5,W5,S16,537,483,20,1290,1233,On-time,0
ORD0631,2022-08-28,P3,R1,W1,S5,164,164,21,1540,1758,On-time,0
ORD0632,2023-10-04,P4,R2,W2,S11,572,572,35,1111,1170,On-time,0
ORD0633,2023-01-11,P1,R4,W4,S9,437,349,27,1730,1848,Delayed,2
ORD0634,2024-07-26,P4,R1,W1,S24,615,492,38,1344,1741,Delayed,2
ORD0635,2025-02-27,P6,R5,W5,S7,769,538,47,2386,893,Delayed,2
ORD0636,2022-02-23,P3,R1,W1,S13,167,150,20,1942,1682,On-time,0
ORD0637,2024-07-18,P6,R3,W3,S20,715,500,42,1432,799,Delayed,3
ORD0638,2023-08-03,P3,R1,W1,S24,455,318,16,1491,1516,Delayed,1
ORD0639,2022-02-12,P2,R2,W2,S13,196,196,20,1635,1935,On-time,0
ORD0640,2022-09-26,P3,R1,W1,S12,196,156,21,2229,1566,Delayed,1
ORD0641,2024-05-15,P3,R5,W5,S6,623,623,16,1949,1159,On-time,0
ORD0642,2025-08-19,P6,R2,W2,S16,983,688,44,1304,961,Delayed,3
ORD0643,2023-09-08,P2,R5,W5,S14,429,386,18,2045,1570,On-time,0
ORD0644,2024-04-25,P1,R4,W4,S22,529,476,25,2354,1647,On-time,0
ORD0645,2023-01-03,P2,R4,W4,S2,430,301,22,1921,1977,Delayed,2
ORD0646,2023-12-01,P2,R2,W2,S6,428,299,22,1011,1508,Delayed,1
ORD0647,2022-01-28,P2,R4,W4,S15,100,100,25,2414,1508,On-time,0
ORD0648,2023-09-12,P1,R2,W2,S5,445,311,23,1985,997,Delayed,3
ORD0649,2023-05-11,P4,R5,W5,S7,431,301,42,1238,1040,Delayed,1
ORD0650,2025-12-09,P4,R4,W4,S16,905,633,39,1104,1383,Delayed,1
ORD0651,2022-07-30,P6,R4,W4,S14,447,447,46,1995,1751,On-time,0
ORD0652,2025-04-25,P6,R5,W5,S22,940,940,45,2133,830,On-time,0
ORD0653,2023-07-03,P6,R4,W4,S16,428,299,42,1589,1093,Delayed,2
ORD0654,2023-12-06,P4,R2,W2,S17,361,288,37,1853,1437,Delayed,2
ORD0655,2022-11-28,P5,R2,W2,S10,505,353,66,2240,1707,Delayed,1
ORD0656,2024-05-01,P4,R3,W3,S8,654,523,40,2386,1024,Delayed,1
ORD0657,2024-10-28,P1,R1,W1,S11,651,651,21,1528,1396,On-time,0
ORD0658,2023-12-29,P1,R5,W5,S9,448,358,28,1216,1950,Delayed,3
ORD0659,2022-07-28,P5,R1,W1,S17,315,220,65,2450,1604,Delayed,3
ORD0660,2024-10-17,P6,R1,W1,S5,638,574,46,1013,1202,On-time,0
ORD0661,2024-08-28,P3,R3,W3,S17,604,483,20,2361,1202,Delayed,1
ORD0662,2024-12-20,P4,R2,W2,S5,606,606,43,1906,998,On-time,0
ORD0663,2022-01-21,P6,R5,W5,S3,297,207,40,1805,775,Delayed,3
ORD0664,2025-08-06,P2,R5,W5,S2,806,725,24,1572,1780,On-time,0
ORD0665,2025-06-04,P2,R4,W4,S15,792,633,25,1617,872,Delayed,1
ORD0666,2025-01-05,P3,R4,W4,S24,858,686,19,2130,1339,Delayed,3
ORD0667,2023-11-29,P6,R2,W2,S1,429,300,48,1226,822,Delayed,2
ORD0668,2023-06-16,P6,R5,W5,S12,570,399,40,1928,1394,Delayed,1
ORD0669,2025-04-06,P5,R5,W5,S20,637,509,78,1286,1473,Delayed,3
ORD0670,2023-05-23,P1,R3,W3,S17,537,429,25,1167,888,Delayed,1
ORD0671,2024-05-20,P2,R4,W4,S7,749,749,23,1808,1240,On-time,0
ORD0672,2025-04-11,P4,R4,W4,S15,684,684,43,2456,1637,On-time,0
ORD0673,2022-09-22,P6,R5,W5,S17,272,190,48,1756,943,Delayed,3
ORD0674,2024-04-16,P1,R1,W1,S12,620,558,20,1766,1321,On-time,0
ORD0675,2023-08-26,P4,R1,W1,S5,337,269,39,1374,1701,Delayed,1
ORD0676,2022-09-08,P5,R3,W3,S3,237,165,74,1772,1673,Delayed,3
ORD0677,2025-05-25,P2,R2,W2,S17,761,761,25,2360,1977,On-time,0
ORD0678,2024-04-18,P4,R2,W2,S13,790,711,39,1339,750,On-time,0
ORD0679,2025-03-17,P6,R3,W3,S18,924,646,48,2181,808,Delayed,3
ORD0680,2024-12-04,P2,R4,W4,S17,751,525,26,1502,1886,Delayed,2
ORD0681,2022-06-23,P5,R5,W5,S11,357,357,70,1369,1549,On-time,0
ORD0682,2022-02-19,P5,R3,W3,S13,209,188,65,1294,1074,On-time,0
ORD0683,2023-06-08,P1,R2,W2,S10,408,408,30,1055,819,On-time,0
ORD0684,2023-09-03,P4,R1,W1,S11,489,391,41,1414,1190,Delayed,3
ORD0685,2025-04-15,P2,R4,W4,S17,752,752,22,1833,834,On-time,0
ORD0686,2024-09-18,P1,R4,W4,S21,707,565,20,1257,1323,Delayed,3
ORD0687,2024-04-13,P4,R1,W1,S21,630,504,38,2136,1625,Delayed,1
ORD0688,2022-01-03,P4,R5,W5,S10,270,216,39,2392,1478,Delayed,2
ORD0689,2025-07-18,P2,R5,W5,S17,906,815,20,2430,951,On-time,0
ORD0690,2022-10-14,P6,R5,W5,S9,335,335,50,1535,1627,On-time,0
ORD0691,2023-07-14,P2,R3,W3,S11,421,336,23,2246,1675,Delayed,1
ORD0692,2022-01-20,P6,R2,W2,S14,392,392,41,2103,763,On-time,0
ORD0693,2025-10-07,P4,R1,W1,S12,763,763,37,1947,1458,On-time,0
ORD0694,2023-01-31,P4,R1,W1,S8,499,349,36,1620,1152,Delayed,1
ORD0695,2024-10-08,P3,R1,W1,S9,697,697,15,1227,1268,On-time,0
ORD0696,2025-03-11,P5,R4,W4,S6,825,660,64,1260,1231,Delayed,3
ORD0697,2023-04-12,P5,R3,W3,S7,476,333,77,1004,1574,Delayed,3
ORD0698,2025-10-10,P6,R1,W1,S11,749,749,47,2014,1440,On-time,0
ORD0699,2024-11-25,P1,R2,W2,S2,723,650,26,1398,1385,On-time,0
ORD0700,2022-06-17,P5,R1,W1,S24,285,228,65,1636,828,Delayed,3
ORD0701,2025-07-04,P1,R1,W1,S16,808,808,20,1488,1397,On-time,0
ORD0702,2022-04-22,P3,R5,W5,S8,383,268,16,1255,875,Delayed,1
ORD0703,2022-03-10,P4,R3,W3,S23,243,170,35,2282,1584,Delayed,1
ORD0704,2022-07-28,P6,R1,W1,S18,187,130,46,1477,1927,Delayed,3
ORD0705,2025-07-01,P1,R4,W4,S13,725,725,26,2059,1372,On-time,0
ORD0706,2025-04-18,P2,R1,W1,S4,898,628,19,2042,1224,Delayed,2
ORD0707,2024-05-12,P4,R5,W5,S15,547,437,35,2197,1592,Delayed,3
ORD0708,2025-08-27,P3,R3,W3,S19,990,792,19,1755,716,Delayed,3
ORD0709,2025-04-16,P6,R2,W2,S2,683,546,43,1410,1112,Delayed,1
ORD0710,2023-12-01,P2,R4,W4,S23,585,585,23,1673,1032,On-time,0
ORD0711,2022-08-03,P4,R1,W1,S16,316,252,42,1489,1684,Delayed,3
ORD0712,2023-11-10,P6,R4,W4,S7,442,442,45,1061,1836,On-time,0
ORD0713,2022-08-24,P2,R3,W3,S15,256,204,23,1581,1056,Delayed,1
ORD0714,2023-06-21,P6,R2,W2,S11,481,384,41,1042,981,Delayed,2
ORD0715,2025-09-03,P1,R3,W3,S7,846,761,27,2276,1588,On-time,0
ORD0716,2025-12-27,P1,R1,W1,S5,938,750,23,1879,1200,Delayed,1
ORD0717,2025-06-15,P5,R2,W2,S18,859,773,80,1258,1740,On-time,0
ORD0718,2025-04-11,P4,R2,W2,S24,862,603,43,2042,1466,Delayed,2
ORD0719,2024-11-28,P4,R2,W2,S11,620,558,42,1821,1895,On-time,0
ORD0720,2025-08-23,P1,R2,W2,S8,845,676,27,1772,1870,Delayed,1
ORD0721,2024-02-06,P3,R5,W5,S3,674,539,22,2195,784,Delayed,2
ORD0722,2024-11-15,P5,R3,W3,S14,513,513,75,1559,1483,On-time,0
ORD0723,2022-02-20,P2,R4,W4,S8,192,172,19,2050,1819,On-time,0
ORD0724,2025-08-11,P1,R3,W3,S8,909,636,21,1683,1102,Delayed,3
ORD0725,2023-11-06,P3,R3,W3,S24,463,416,19,1709,1527,On-time,0
ORD0726,2024-04-10,P5,R1,W1,S16,635,508,75,2056,1902,Delayed,3
ORD0727,2024-08-17,P6,R4,W4,S11,651,455,47,1921,1843,Delayed,1
ORD0728,2024-02-07,P2,R5,W5,S5,677,609,25,1871,1526,On-time,0
ORD0729,2025-11-15,P5,R3,W3,S11,806,564,70,2289,1934,Delayed,3
ORD0730,2025-03-21,P4,R4,W4,S7,787,787,38,1673,1866,On-time,0
ORD0731,2024-07-13,P6,R3,W3,S3,665,532,47,1054,1082,Delayed,1
ORD0732,2022-05-23,P4,R3,W3,S7,221,176,42,2061,722,Delayed,1
ORD0733,2023-11-01,P4,R4,W4,S6,482,337,42,1422,966,Delayed,1
ORD0734,2023-09-27,P4,R4,W4,S6,313,281,39,1292,1612,On-time,0
ORD0735,2022-05-12,P4,R5,W5,S8,382,343,42,1186,1289,On-time,0
ORD0736,2025-08-16,P4,R3,W3,S23,887,798,38,1884,1637,On-time,0
ORD0737,2024-02-27,P6,R2,W2,S23,670,468,50,2101,1297,Delayed,3
ORD0738,2022-05-17,P6,R2,W2,S16,378,378,48,1667,1539,On-time,0
ORD0739,2024-07-12,P2,R3,W3,S7,783,548,18,1703,1517,Delayed,1
ORD0740,2024-03-23,P1,R1,W1,S9,731,511,22,1169,1823,Delayed,3
ORD0741,2023-05-12,P6,R4,W4,S5,302,302,41,1362,1302,On-time,0
ORD0742,2022-09-12,P5,R4,W4,S6,197,137,74,1364,1143,Delayed,3
ORD0743,2022-03-12,P6,R5,W5,S7,250,250,47,1107,1925,On-time,0
ORD0744,2022-01-10,P1,R4,W4,S25,302,241,23,1863,757,Delayed,1
ORD0745,2023-11-22,P2,R1,W1,S8,491,343,20,1220,1369,Delayed,2
ORD0746,2025-02-25,P6,R2,W2,S20,791,632,43,1216,1430,Delayed,2
ORD0747,2022-12-22,P1,R4,W4,S21,314,282,20,2347,1270,On-time,0
ORD0748,2025-08-24,P5,R3,W3,S2,789,552,75,2459,1798,Delayed,3
ORD0749,2022-12-18,P3,R1,W1,S20,251,225,17,2408,1351,On-time,0
ORD0750,2025-09-26,P4,R1,W1,S11,737,515,43,2031,1903,Delayed,3
ORD0751,2022-01-28,P2,R1,W1,S20,226,158,21,1122,981,Delayed,2
ORD0752,2024-10-18,P3,R2,W2,S5,541,541,18,1274,1269,On-time,0
ORD0753,2023-10-13,P6,R1,W1,S17,371,371,45,1496,1121,On-time,0
ORD0754,2025-01-09,P1,R2,W2,S22,934,747,29,1012,832,Delayed,2
ORD0755,2022-05-24,P2,R1,W1,S21,224,179,20,1418,1183,Delayed,3
ORD0756,2022-06-10,P4,R4,W4,S10,510,408,37,1620,1284,Delayed,3
ORD0757,2024-07-07,P6,R2,W2,S9,689,689,47,1903,1565,On-time,0
ORD0758,2024-10-31,P5,R4,W4,S25,664,531,62,2218,1800,Delayed,1
ORD0759,2025-02-06,P6,R2,W2,S9,781,781,48,2241,1684,On-time,0
ORD0760,2022-05-28,P3,R2,W2,S23,356,356,18,2495,1466,On-time,0
ORD0761,2024-10-03,P4,R4,W4,S13,603,542,45,1837,779,On-time,0
ORD0762,2022-09-12,P4,R5,W5,S6,309,247,43,2410,1454,Delayed,3
ORD0763,2022-04-29,P6,R4,W4,S14,504,403,50,1057,1002,Delayed,2
ORD0764,2025-05-24,P4,R2,W2,S9,842,673,36,2457,1487,Delayed,2
ORD0765,2025-12-17,P5,R1,W1,S17,941,752,69,2091,1483,Delayed,3
ORD0766,2023-09-23,P6,R4,W4,S25,393,275,46,2431,1330,Delayed,1
ORD0767,2022-12-11,P4,R1,W1,S4,297,207,45,1349,1061,Delayed,2
ORD0768,2023-01-17,P6,R2,W2,S7,591,591,43,1380,1111,On-time,0
ORD0769,2022-05-01,P6,R2,W2,S25,249,199,41,2303,1040,Delayed,1
ORD0770,2023-08-24,P1,R4,W4,S4,594,534,21,1993,906,On-time,0
ORD0771,2022-01-20,P1,R3,W3,S25,356,249,30,1769,1934,Delayed,3
ORD0772,2023-06-29,P4,R4,W4,S25,405,364,40,1490,1439,On-time,0
ORD0773,2025-09-24,P4,R4,W4,S20,900,630,35,2485,984,Delayed,1
ORD0774,2025-05-17,P1,R5,W5,S9,927,741,25,1384,706,Delayed,3
ORD0775,2023-10-22,P1,R3,W3,S2,499,449,30,2254,866,On-time,0
ORD0776,2023-12-15,P4,R4,W4,S22,324,226,37,2467,1733,Delayed,1
ORD0777,2022-09-19,P4,R1,W1,S10,241,241,42,1498,1133,On-time,0
ORD0778,2022-12-16,P6,R1,W1,S4,280,280,43,2472,1227,On-time,0
ORD0779,2025-09-25,P4,R1,W1,S22,844,675,40,2230,832,Delayed,3
ORD0780,2023-12-04,P4,R4,W4,S21,499,499,36,1228,882,On-time,0
ORD0781,2023-11-28,P6,R5,W5,S7,464,324,49,1003,1336,Delayed,1
ORD0782,2025-04-23,P5,R2,W2,S13,743,743,79,1454,918,On-time,0
ORD0783,2024-03-20,P1,R5,W5,S15,680,612,22,2231,1280,On-time,0
ORD0784,2022-10-26,P6,R1,W1,S20,348,313,47,2292,1141,On-time,0
ORD0785,2024-10-10,P3,R4,W4,S2,694,624,18,2489,1502,On-time,0
ORD0786,2023-09-05,P6,R2,W2,S1,536,536,46,1147,1781,On-time,0
ORD0787,2023-08-03,P3,R2,W2,S23,516,516,20,1937,1035,On-time,0
ORD0788,2025-03-28,P2,R4,W4,S23,886,886,20,1018,1441,On-time,0
ORD0789,2025-03-24,P1,R2,W2,S13,844,844,30,1367,807,On-time,0
ORD0790,2022-08-29,P5,R3,W3,S19,167,167,63,1812,1700,On-time,0
ORD0791,2023-09-12,P6,R5,W5,S6,484,484,44,2295,1611,On-time,0
ORD0792,2024-01-23,P1,R1,W1,S4,666,466,21,2172,1682,Delayed,2
ORD0793,2025-11-21,P6,R1,W1,S19,871,696,42,1203,1366,Delayed,1
ORD0794,2025-01-05,P2,R4,W4,S23,747,522,26,2103,954,Delayed,1
ORD0795,2025-09-10,P1,R2,W2,S20,763,610,20,1263,1877,Delayed,1
ORD0796,2025-08-29,P2,R1,W1,S18,934,840,19,2114,1051,On-time,0
ORD0797,2024-05-16,P6,R1,W1,S8,646,581,47,1286,1881,On-time,0
ORD0798,2024-10-01,P6,R3,W3,S17,704,633,43,1075,1085,On-time,0
ORD0799,2022-10-18,P3,R2,W2,S5,302,241,19,1152,1826,Delayed,2
ORD0800,2023-06-18,P4,R2,W2,S13,452,452,37,1144,1989,On-time,0
