product_id,product_name,region_id,region_name,warehouse_id,warehouse_name,predict_Date,Actual_Demand,Supply,Predicted_Demand
P1,Tomato,R1,Bangalore,W1,BLR Hub,2026-08-02,980.1225000000001,800,858.62
P1,Tomato,R1,Bangalore,W1,BLR Hub,2026-03-07,317.52000000000004,230,835.05
P1,Tomato,R2,Hyderabad,W2,HYD Hub,2026-07-24,552.3525000000001,501,855.49
P3,Potato,R3,Chennai,W3,CHE Hub,2026-07-18,464.15250000000003,378,844.5
P3,Potato,R5,Delhi,W5,DEL Hub,2026-06-20,916.1775000000001,581,815.37
P3,Potato,R2,Hyderabad,W2,HYD Hub,2026-07-25,916.1775000000001,747,817.5
P4,Banana,R4,Mumbai,W4,MUM Hub,2026-12-01,469.665,340,860.1
P5,Apple,R3,Chennai,W3,CHE Hub,2026-03-09,563.3775,511,872.58
P6,Rice,R5,Delhi,W5,DEL Hub,2026-06-23,454.23,412,861.85
P6,Rice,R2,Hyderabad,W2,HYD Hub,2026-11-10,378.1575,343,832.07
P1,Tomato,R1,Bangalore,W1,BLR Hub,2026-02-07,895.23,730,866.94
P5,Apple,R2,Hyderabad,W2,HYD Hub,2026-06-24,454.23,288,871.62
P3,Potato,R4,Mumbai,W4,MUM Hub,2026-05-11,958.0725000000001,608,863.03
P1,Tomato,R5,Delhi,W5,DEL Hub,2026-09-22,546.8400000000001,396,854.84
P2,Onion,R3,Chennai,W3,CHE Hub,2026-11-13,784.98,640,815.12
P5,Apple,R5,Delhi,W5,DEL Hub,2026-02-13,281.1375,204,869.81
P3,Potato,R4,Mumbai,W4,MUM Hub,2026-05-03,405.72,294,878.79
P3,Potato,R4,Mumbai,W4,MUM Hub,2026-06-01,744.1875,675,874.12
P5,Apple,R4,Mumbai,W4,MUM Hub,2026-01-25,415.64250000000004,377,792.69
P6,Rice,R5,Delhi,W5,DEL Hub,2026-04-14,206.1675,130,880.95
P1,Tomato,R4,Mumbai,W4,MUM Hub,2026-02-16,845.6175000000001,767,866.82
P6,Rice,R5,Delhi,W5,DEL Hub,2026-04-01,916.1775000000001,747,820.86
P2,Onion,R1,Bangalore,W1,BLR Hub,2026-06-14,336.2625,213,861.57
P1,Tomato,R4,Mumbai,W4,MUM Hub,2026-06-22,811.44,662,870.67
P3,Potato,R1,Bangalore,W1,BLR Hub,2026-07-25,668.1150000000001,606,835.0
P1,Tomato,R2,Hyderabad,W2,HYD Hub,2026-12-16,504.94500000000005,412,880.3
P6,Rice,R1,Bangalore,W1,BLR Hub,2026-09-06,393.59250000000003,321,816.28
P6,Rice,R3,Chennai,W3,CHE Hub,2026-02-21,529.2,480,862.13
P2,Onion,R3,Chennai,W3,CHE Hub,2026-11-15,442.1025,401,818.12
P5,Apple,R5,Delhi,W5,DEL Hub,2026-01-27,690.1650000000001,626,820.19
P1,Tomato,R3,Chennai,W3,CHE Hub,2026-09-27,883.1025000000001,801,873.37
P4,Banana,R2,Hyderabad,W2,HYD Hub,2026-11-12,659.295,478,828.75
P2,Onion,R1,Bangalore,W1,BLR Hub,2026-04-12,493.9200000000001,358,853.08
P5,Apple,R3,Chennai,W3,CHE Hub,2026-10-23,843.4125,535,821.89
P4,Banana,R5,Delhi,W5,DEL Hub,2026-10-05,567.7875,360,831.05
P2,Onion,R3,Chennai,W3,CHE Hub,2026-10-05,829.08,526,826.67
P3,Potato,R4,Mumbai,W4,MUM Hub,2026-04-16,734.2650000000001,599,839.47
P3,Potato,R4,Mumbai,W4,MUM Hub,2026-03-11,764.0325,485,745.94
P4,Banana,R2,Hyderabad,W2,HYD Hub,2026-06-23,598.6575,543,834.11
P6,Rice,R3,Chennai,W3,CHE Hub,2026-04-27,512.6625,372,853.82
P5,Apple,R2,Hyderabad,W2,HYD Hub,2026-07-13,1002.1725000000001,909,921.29
P2,Onion,R5,Delhi,W5,DEL Hub,2026-03-25,510.45750000000004,324,846.13
P3,Potato,R4,Mumbai,W4,MUM Hub,2026-05-04,926.1,840,858.13
P4,Banana,R2,Hyderabad,W2,HYD Hub,2026-12-03,689.0625,625,846.23
P2,Onion,R2,Hyderabad,W2,HYD Hub,2026-10-11,199.5525,144,842.39
P4,Banana,R4,Mumbai,W4,MUM Hub,2026-02-28,432.18000000000006,274,875.81
P5,Apple,R2,Hyderabad,W2,HYD Hub,2026-01-23,896.3325000000001,650,834.46
P4,Banana,R2,Hyderabad,W2,HYD Hub,2026-12-05,423.36000000000007,268,844.07
P4,Banana,R3,Chennai,W3,CHE Hub,2026-06-17,525.8925,477,867.19
P6,Rice,R5,Delhi,W5,DEL Hub,2026-02-09,174.19500000000002,142,875.56
P2,Onion,R2,Hyderabad,W2,HYD Hub,2026-11-09,358.3125,227,854.44
P2,Onion,R3,Chennai,W3,CHE Hub,2026-08-23,296.5725,188,797.17
P6,Rice,R3,Chennai,W3,CHE Hub,2026-07-28,270.1125,171,852.96
P3,Potato,R1,Bangalore,W1,BLR Hub,2026-08-19,990.0450000000002,898,858.66
P6,Rice,R3,Chennai,W3,CHE Hub,2026-12-04,807.0300000000001,732,891.71
P4,Banana,R5,Delhi,W5,DEL Hub,2026-05-15,577.71,524,820.01
P3,Potato,R3,Chennai,W3,CHE Hub,2026-06-14,421.15500000000003,343,848.15
P6,Rice,R4,Mumbai,W4,MUM Hub,2026-05-08,468.5625,425,784.1
P6,Rice,R5,Delhi,W5,DEL Hub,2026-09-20,524.7900000000001,476,860.12
P3,Potato,R3,Chennai,W3,CHE Hub,2026-07-09,582.12,369,879.83
P5,Apple,R5,Delhi,W5,DEL Hub,2026-04-22,894.1275,567,839.78
P1,Tomato,R1,Bangalore,W1,BLR Hub,2026-07-16,479.58750000000003,391,865.85
P3,Potato,R2,Hyderabad,W2,HYD Hub,2026-06-21,618.5025,504,850.18
P1,Tomato,R2,Hyderabad,W2,HYD Hub,2026-11-06,831.2850000000001,678,866.53
P5,Apple,R4,Mumbai,W4,MUM Hub,2026-04-08,567.7875,515,870.79
P6,Rice,R2,Hyderabad,W2,HYD Hub,2026-03-02,615.195,390,884.3
P5,Apple,R4,Mumbai,W4,MUM Hub,2026-11-12,930.5100000000001,590,828.44
P6,Rice,R2,Hyderabad,W2,HYD Hub,2026-04-22,1025.325,651,812.01
P6,Rice,R5,Delhi,W5,DEL Hub,2026-05-03,967.9950000000001,878,845.45
P1,Tomato,R5,Delhi,W5,DEL Hub,2026-06-15,659.295,598,859.72
P6,Rice,R3,Chennai,W3,CHE Hub,2026-02-12,361.62000000000006,229,827.62
P4,Banana,R3,Chennai,W3,CHE Hub,2026-07-06,466.3575000000001,380,912.9
P1,Tomato,R4,Mumbai,W4,MUM Hub,2026-01-31,933.8175000000001,762,848.69
P4,Banana,R1,Bangalore,W1,BLR Hub,2026-08-04,854.4375,697,838.49
P4,Banana,R4,Mumbai,W4,MUM Hub,2026-08-13,264.6,168,873.49
P1,Tomato,R4,Mumbai,W4,MUM Hub,2026-04-06,567.7875,412,852.48
P4,Banana,R2,Hyderabad,W2,HYD Hub,2026-10-24,337.365,244,886.55
P5,Apple,R5,Delhi,W5,DEL Hub,2026-09-04,469.665,426,840.43
P3,Potato,R2,Hyderabad,W2,HYD Hub,2026-07-21,724.3425000000001,525,839.83
P6,Rice,R2,Hyderabad,W2,HYD Hub,2026-09-21,760.725,482,851.82
P4,Banana,R2,Hyderabad,W2,HYD Hub,2026-10-23,310.90500000000003,282,848.13
P3,Potato,R4,Mumbai,W4,MUM Hub,2026-02-18,747.495,474,883.15
P6,Rice,R1,Bangalore,W1,BLR Hub,2026-07-21,1067.22,774,881.67
P2,Onion,R5,Delhi,W5,DEL Hub,2026-10-26,284.44500000000005,206,803.92
P2,Onion,R2,Hyderabad,W2,HYD Hub,2026-04-09,865.4625000000001,706,827.39
P4,Banana,R3,Chennai,W3,CHE Hub,2026-06-01,285.5475,233,900.75
P2,Onion,R4,Mumbai,W4,MUM Hub,2026-08-07,411.2325000000001,335,875.51
P6,Rice,R1,Bangalore,W1,BLR Hub,2026-11-05,965.7900000000001,876,846.21
P6,Rice,R2,Hyderabad,W2,HYD Hub,2026-10-20,889.7175000000001,564,841.6
P3,Potato,R4,Mumbai,W4,MUM Hub,2026-08-28,541.3275000000001,392,897.89
P6,Rice,R3,Chennai,W3,CHE Hub,2026-08-28,503.84250000000003,457,844.15
P1,Tomato,R3,Chennai,W3,CHE Hub,2026-03-19,801.5175,508,842.06
P4,Banana,R1,Bangalore,W1,BLR Hub,2026-04-24,433.2825,353,870.16
P2,Onion,R1,Bangalore,W1,BLR Hub,2026-08-27,300.9825000000001,245,866.1
P6,Rice,R5,Delhi,W5,DEL Hub,2026-01-30,681.345,494,854.85
P4,Banana,R2,Hyderabad,W2,HYD Hub,2026-06-27,586.5300000000001,372,840.27
P6,Rice,R2,Hyderabad,W2,HYD Hub,2026-07-07,356.1075000000001,226,841.74
P2,Onion,R2,Hyderabad,W2,HYD Hub,2026-04-15,959.1750000000001,696,824.9
P1,Tomato,R2,Hyderabad,W2,HYD Hub,2026-09-15,937.125,765,854.27
P1,Tomato,R1,Bangalore,W1,BLR Hub,2026-12-13,695.6775000000001,631,830.82
P5,Apple,R3,Chennai,W3,CHE Hub,2026-09-11,811.44,515,788.03
P3,Potato,R5,Delhi,W5,DEL Hub,2026-06-15,293.26500000000004,186,881.42
P4,Banana,R1,Bangalore,W1,BLR Hub,2026-05-24,906.2550000000001,575,805.41
P4,Banana,R1,Bangalore,W1,BLR Hub,2026-03-27,644.9625,585,882.12
P4,Banana,R1,Bangalore,W1,BLR Hub,2026-07-10,316.4175,258,846.32
P3,Potato,R4,Mumbai,W4,MUM Hub,2026-04-21,751.9050000000001,477,826.59
P2,Onion,R1,Bangalore,W1,BLR Hub,2026-09-14,882.0,720,852.41
P5,Apple,R3,Chennai,W3,CHE Hub,2026-02-23,345.08250000000004,250,830.78
P1,Tomato,R2,Hyderabad,W2,HYD Hub,2026-03-31,738.6750000000001,468,844.77
P6,Rice,R3,Chennai,W3,CHE Hub,2026-10-01,489.51000000000005,310,817.67
P4,Banana,R4,Mumbai,W4,MUM Hub,2026-09-17,767.3400000000001,696,831.33
P6,Rice,R5,Delhi,W5,DEL Hub,2026-08-04,492.81750000000005,402,852.84
P2,Onion,R3,Chennai,W3,CHE Hub,2026-03-09,500.5350000000001,408,885.82
P2,Onion,R5,Delhi,W5,DEL Hub,2026-12-12,1154.3175,942,911.23
P4,Banana,R5,Delhi,W5,DEL Hub,2026-03-25,919.4850000000001,834,830.51
P3,Potato,R1,Bangalore,W1,BLR Hub,2026-11-13,963.585,611,845.7
P2,Onion,R1,Bangalore,W1,BLR Hub,2026-11-14,492.81750000000005,312,857.08
P3,Potato,R2,Hyderabad,W2,HYD Hub,2026-10-27,227.115,164,846.17
P5,Apple,R5,Delhi,W5,DEL Hub,2026-10-26,1037.4525,846,871.52
P1,Tomato,R3,Chennai,W3,CHE Hub,2026-04-26,1003.2750000000001,637,868.6
P5,Apple,R5,Delhi,W5,DEL Hub,2026-07-04,400.20750000000004,363,839.47
P4,Banana,R5,Delhi,W5,DEL Hub,2026-05-24,856.6425,543,816.23
P4,Banana,R4,Mumbai,W4,MUM Hub,2026-12-20,1060.605,769,882.26
P6,Rice,R3,Chennai,W3,CHE Hub,2026-07-16,812.5425,663,777.33
P1,Tomato,R5,Delhi,W5,DEL Hub,2026-11-14,546.8400000000001,396,836.35
P3,Potato,R2,Hyderabad,W2,HYD Hub,2026-08-10,1130.0625,717,889.35
P2,Onion,R2,Hyderabad,W2,HYD Hub,2026-09-22,628.4250000000001,456,817.61
P5,Apple,R4,Mumbai,W4,MUM Hub,2026-09-26,280.035,203,796.46
P3,Potato,R4,Mumbai,W4,MUM Hub,2026-06-04,944.8425000000001,685,831.49
P5,Apple,R4,Mumbai,W4,MUM Hub,2026-10-26,671.4225000000001,487,906.37
P5,Apple,R1,Bangalore,W1,BLR Hub,2026-12-27,799.3125,507,791.14
P1,Tomato,R4,Mumbai,W4,MUM Hub,2026-12-17,501.63750000000005,455,851.28
P1,Tomato,R3,Chennai,W3,CHE Hub,2026-10-15,402.4125,292,850.07
P3,Potato,R2,Hyderabad,W2,HYD Hub,2026-02-08,371.5425,337,854.39
P5,Apple,R4,Mumbai,W4,MUM Hub,2026-08-01,855.5400000000001,543,824.64
P1,Tomato,R5,Delhi,W5,DEL Hub,2026-05-29,852.2325000000002,618,876.28
P5,Apple,R5,Delhi,W5,DEL Hub,2026-01-19,867.6675,550,852.24
P3,Potato,R2,Hyderabad,W2,HYD Hub,2026-05-19,302.085,191,854.04
P6,Rice,R4,Mumbai,W4,MUM Hub,2026-08-09,788.2875,572,849.23
P3,Potato,R5,Delhi,W5,DEL Hub,2026-10-09,386.9775,351,817.48
P1,Tomato,R3,Chennai,W3,CHE Hub,2026-07-14,515.97,468,850.77
P1,Tomato,R4,Mumbai,W4,MUM Hub,2026-07-01,610.7850000000001,554,805.7
P4,Banana,R5,Delhi,W5,DEL Hub,2026-09-20,353.90250000000003,321,843.87
P6,Rice,R1,Bangalore,W1,BLR Hub,2026-07-17,511.56000000000006,464,802.17
P2,Onion,R1,Bangalore,W1,BLR Hub,2026-03-13,352.8,288,809.08
P4,Banana,R1,Bangalore,W1,BLR Hub,2026-02-01,784.98,569,827.67
P4,Banana,R5,Delhi,W5,DEL Hub,2026-01-17,386.9775,245,813.91
P2,Onion,R1,Bangalore,W1,BLR Hub,2026-09-09,213.88500000000002,155,851.27
P2,Onion,R2,Hyderabad,W2,HYD Hub,2026-09-07,541.3275000000001,392,862.9
P4,Banana,R5,Delhi,W5,DEL Hub,2026-01-26,741.9825,471,867.81
P3,Potato,R1,Bangalore,W1,BLR Hub,2026-09-14,352.8,320,838.64
P4,Banana,R5,Delhi,W5,DEL Hub,2026-09-22,360.51750000000004,228,818.51
P3,Potato,R1,Bangalore,W1,BLR Hub,2026-11-28,655.9875000000001,476,862.14
P6,Rice,R2,Hyderabad,W2,HYD Hub,2026-10-26,736.47,534,855.11
P2,Onion,R5,Delhi,W5,DEL Hub,2026-08-26,962.4825000000002,611,864.23
P1,Tomato,R1,Bangalore,W1,BLR Hub,2026-07-17,652.6800000000001,592,832.56
P6,Rice,R3,Chennai,W3,CHE Hub,2026-10-16,660.3975,479,824.19
P2,Onion,R1,Bangalore,W1,BLR Hub,2026-05-23,536.9175,438,799.1
P2,Onion,R4,Mumbai,W4,MUM Hub,2026-01-24,390.285,354,849.64
P2,Onion,R5,Delhi,W5,DEL Hub,2026-05-09,553.455,351,830.18
P1,Tomato,R4,Mumbai,W4,MUM Hub,2026-01-17,244.75500000000002,199,843.4
P3,Potato,R5,Delhi,W5,DEL Hub,2026-02-03,564.48,358,840.33
P1,Tomato,R4,Mumbai,W4,MUM Hub,2026-09-21,432.18000000000006,352,872.92
P1,Tomato,R1,Bangalore,W1,BLR Hub,2026-03-24,257.985,210,804.27
P3,Potato,R2,Hyderabad,W2,HYD Hub,2026-06-09,1022.0175,834,888.51
P6,Rice,R1,Bangalore,W1,BLR Hub,2026-11-10,532.5075,434,836.01
P5,Apple,R4,Mumbai,W4,MUM Hub,2026-04-16,402.4125,365,856.71
P4,Banana,R2,Hyderabad,W2,HYD Hub,2026-10-05,662.6025000000001,480,842.73
P4,Banana,R5,Delhi,W5,DEL Hub,2026-09-18,915.075,747,812.91
P4,Banana,R2,Hyderabad,W2,HYD Hub,2026-06-03,869.8725000000001,710,817.03
P4,Banana,R3,Chennai,W3,CHE Hub,2026-10-12,416.74500000000006,340,868.58
P6,Rice,R1,Bangalore,W1,BLR Hub,2026-08-13,423.36000000000007,384,848.49
P3,Potato,R2,Hyderabad,W2,HYD Hub,2026-11-26,929.4075000000001,674,842.85
P1,Tomato,R2,Hyderabad,W2,HYD Hub,2026-08-25,746.3925,541,850.74
P1,Tomato,R5,Delhi,W5,DEL Hub,2026-05-02,355.00500000000005,225,854.9
P3,Potato,R5,Delhi,W5,DEL Hub,2026-01-19,403.51500000000004,256,855.07
P3,Potato,R2,Hyderabad,W2,HYD Hub,2026-08-16,717.7275000000001,585,838.77
P2,Onion,R2,Hyderabad,W2,HYD Hub,2026-10-13,1065.015,966,887.61
P4,Banana,R3,Chennai,W3,CHE Hub,2026-10-15,306.49500000000006,194,834.72
P1,Tomato,R3,Chennai,W3,CHE Hub,2026-03-19,1176.3675000000003,960,920.97
P3,Potato,R1,Bangalore,W1,BLR Hub,2026-12-11,992.25,810,904.04
P4,Banana,R5,Delhi,W5,DEL Hub,2026-02-05,640.5525000000001,464,798.72
P5,Apple,R2,Hyderabad,W2,HYD Hub,2026-01-26,842.3100000000001,611,861.2
P1,Tomato,R4,Mumbai,W4,MUM Hub,2026-07-01,758.52,688,799.12
P6,Rice,R2,Hyderabad,W2,HYD Hub,2026-01-07,310.90500000000003,197,855.88
P4,Banana,R2,Hyderabad,W2,HYD Hub,2026-08-11,558.9675000000001,405,865.34
P5,Apple,R2,Hyderabad,W2,HYD Hub,2026-09-17,977.9175,798,877.12
P4,Banana,R5,Delhi,W5,DEL Hub,2026-09-04,489.51000000000005,444,856.88
P6,Rice,R4,Mumbai,W4,MUM Hub,2026-03-07,255.78000000000003,162,843.69
P1,Tomato,R2,Hyderabad,W2,HYD Hub,2026-12-11,802.62,509,813.12
P6,Rice,R5,Delhi,W5,DEL Hub,2026-04-25,456.43500000000006,372,809.34
P1,Tomato,R5,Delhi,W5,DEL Hub,2026-07-18,571.095,414,817.66
P6,Rice,R4,Mumbai,W4,MUM Hub,2026-10-15,514.8675000000001,373,829.21
P4,Banana,R1,Bangalore,W1,BLR Hub,2026-10-23,220.5,200,845.1
P1,Tomato,R4,Mumbai,W4,MUM Hub,2026-08-17,951.4575000000001,604,842.37
P2,Onion,R5,Delhi,W5,DEL Hub,2026-05-30,363.825,264,868.79
P2,Onion,R5,Delhi,W5,DEL Hub,2026-09-07,638.3475000000001,463,832.42
P3,Potato,R5,Delhi,W5,DEL Hub,2026-06-20,509.355,462,846.63
P2,Onion,R2,Hyderabad,W2,HYD Hub,2026-02-26,941.5350000000001,768,817.28
P2,Onion,R4,Mumbai,W4,MUM Hub,2026-03-12,835.695,682,814.85
P4,Banana,R2,Hyderabad,W2,HYD Hub,2026-01-24,967.9950000000001,614,849.79
P1,Tomato,R2,Hyderabad,W2,HYD Hub,2026-04-19,544.6350000000001,395,800.7
P4,Banana,R1,Bangalore,W1,BLR Hub,2026-09-12,1031.94,936,875.05
P1,Tomato,R1,Bangalore,W1,BLR Hub,2026-01-03,588.7350000000001,427,871.86
P5,Apple,R2,Hyderabad,W2,HYD Hub,2026-07-29,594.2475000000001,431,878.56
P6,Rice,R1,Bangalore,W1,BLR Hub,2026-04-25,246.96000000000004,179,836.73
P2,Onion,R5,Delhi,W5,DEL Hub,2026-04-16,541.3275000000001,441,876.77
P1,Tomato,R2,Hyderabad,W2,HYD Hub,2026-10-07,541.3275000000001,392,849.98
P3,Potato,R4,Mumbai,W4,MUM Hub,2026-01-12,982.3275000000001,712,854.22
P5,Apple,R5,Delhi,W5,DEL Hub,2026-05-24,1276.6950000000002,1042,834.18
P2,Onion,R5,Delhi,W5,DEL Hub,2026-06-03,766.2375000000001,695,847.1
P6,Rice,R2,Hyderabad,W2,HYD Hub,2026-12-28,1036.3500000000001,940,859.01
P1,Tomato,R2,Hyderabad,W2,HYD Hub,2026-07-07,579.9150000000001,420,846.1
P5,Apple,R3,Chennai,W3,CHE Hub,2026-05-07,994.455,631,888.06
P4,Banana,R2,Hyderabad,W2,HYD Hub,2026-11-04,908.46,741,848.84
P3,Potato,R4,Mumbai,W4,MUM Hub,2026-05-12,782.775,639,841.74
P3,Potato,R1,Bangalore,W1,BLR Hub,2026-10-05,262.39500000000004,214,852.21
P3,Potato,R3,Chennai,W3,CHE Hub,2026-10-06,309.8025,224,802.79
P2,Onion,R3,Chennai,W3,CHE Hub,2026-03-25,894.1275,729,816.63
P5,Apple,R1,Bangalore,W1,BLR Hub,2026-10-28,943.7400000000001,856,826.61
P3,Potato,R2,Hyderabad,W2,HYD Hub,2026-07-21,1141.0875,828,892.05
P6,Rice,R4,Mumbai,W4,MUM Hub,2026-11-03,551.25,350,812.73
P5,Apple,R1,Bangalore,W1,BLR Hub,2026-08-18,996.6600000000001,904,861.73
P5,Apple,R5,Delhi,W5,DEL Hub,2026-11-28,573.3000000000001,416,828.62
P1,Tomato,R3,Chennai,W3,CHE Hub,2026-09-15,674.73,428,824.48
P4,Banana,R1,Bangalore,W1,BLR Hub,2026-12-15,592.0425,537,873.58
P2,Onion,R2,Hyderabad,W2,HYD Hub,2026-10-18,942.6375,684,847.09
P2,Onion,R4,Mumbai,W4,MUM Hub,2026-01-13,400.20750000000004,254,905.1
P6,Rice,R1,Bangalore,W1,BLR Hub,2026-07-25,432.18000000000006,274,829.65
P5,Apple,R3,Chennai,W3,CHE Hub,2026-09-29,776.1600000000001,704,822.62
P6,Rice,R3,Chennai,W3,CHE Hub,2026-10-11,872.0775000000001,553,798.51
P2,Onion,R5,Delhi,W5,DEL Hub,2026-11-21,955.8675000000001,867,884.43
P6,Rice,R2,Hyderabad,W2,HYD Hub,2026-11-21,940.4325000000001,682,841.36
P4,Banana,R2,Hyderabad,W2,HYD Hub,2026-01-20,272.31750000000005,247,763.28
P2,Onion,R1,Bangalore,W1,BLR Hub,2026-09-27,905.1525000000001,574,868.98
P6,Rice,R4,Mumbai,W4,MUM Hub,2026-03-04,992.25,630,825.31
P4,Banana,R1,Bangalore,W1,BLR Hub,2026-03-24,316.4175,229,833.56
P6,Rice,R5,Delhi,W5,DEL Hub,2026-03-06,511.56000000000006,417,838.78
P3,Potato,R5,Delhi,W5,DEL Hub,2026-03-13,878.6925000000001,637,807.29
P1,Tomato,R3,Chennai,W3,CHE Hub,2026-04-22,791.595,574,900.61
P6,Rice,R3,Chennai,W3,CHE Hub,2026-03-28,866.565,786,793.38
P3,Potato,R4,Mumbai,W4,MUM Hub,2026-11-23,926.1,756,836.21
P5,Apple,R4,Mumbai,W4,MUM Hub,2026-05-10,374.85,340,835.45
P5,Apple,R4,Mumbai,W4,MUM Hub,2026-09-25,406.8225,258,858.46
P2,Onion,R2,Hyderabad,W2,HYD Hub,2026-05-26,609.6825,497,851.36
P6,Rice,R2,Hyderabad,W2,HYD Hub,2026-09-22,907.3575000000002,823,813.17
P2,Onion,R4,Mumbai,W4,MUM Hub,2026-01-03,288.855,209,889.88
P4,Banana,R1,Bangalore,W1,BLR Hub,2026-09-28,272.31750000000005,247,879.6
P6,Rice,R2,Hyderabad,W2,HYD Hub,2026-09-30,486.20250000000004,308,862.55
P4,Banana,R2,Hyderabad,W2,HYD Hub,2026-11-07,972.4050000000001,617,851.68
P1,Tomato,R2,Hyderabad,W2,HYD Hub,2026-08-13,825.7725,674,880.19
P6,Rice,R1,Bangalore,W1,BLR Hub,2026-08-29,576.6075,523,859.99
P3,Potato,R3,Chennai,W3,CHE Hub,2026-01-25,517.0725000000001,469,878.7
P1,Tomato,R1,Bangalore,W1,BLR Hub,2026-04-17,1027.53,745,873.54
P6,Rice,R4,Mumbai,W4,MUM Hub,2026-05-17,582.12,422,827.76
P5,Apple,R1,Bangalore,W1,BLR Hub,2026-03-11,673.6275,611,849.69
P1,Tomato,R3,Chennai,W3,CHE Hub,2026-05-31,1048.4775000000002,760,891.14
P2,Onion,R3,Chennai,W3,CHE Hub,2026-06-15,433.2825,353,878.48
P5,Apple,R1,Bangalore,W1,BLR Hub,2026-12-29,975.7125000000001,885,891.96
P1,Tomato,R5,Delhi,W5,DEL Hub,2026-06-07,563.3775,357,874.69
P2,Onion,R2,Hyderabad,W2,HYD Hub,2026-02-24,633.9375,575,856.6
P1,Tomato,R5,Delhi,W5,DEL Hub,2026-02-03,711.1125000000001,451,810.57
P5,Apple,R4,Mumbai,W4,MUM Hub,2026-06-26,110.25,90,867.39
P2,Onion,R5,Delhi,W5,DEL Hub,2026-10-07,626.22,454,919.78
P6,Rice,R4,Mumbai,W4,MUM Hub,2026-01-03,307.5975,251,856.86
P1,Tomato,R2,Hyderabad,W2,HYD Hub,2026-07-10,220.5,200,874.62
P5,Apple,R5,Delhi,W5,DEL Hub,2026-06-03,474.07500000000005,430,809.6
P4,Banana,R3,Chennai,W3,CHE Hub,2026-10-14,369.33750000000003,234,866.71
P1,Tomato,R5,Delhi,W5,DEL Hub,2026-04-12,676.9350000000001,491,814.99
P5,Apple,R1,Bangalore,W1,BLR Hub,2026-11-28,948.1500000000001,774,850.98
P2,Onion,R1,Bangalore,W1,BLR Hub,2026-06-17,622.9125,565,825.35
P1,Tomato,R2,Hyderabad,W2,HYD Hub,2026-01-25,203.9625,148,864.26
P6,Rice,R4,Mumbai,W4,MUM Hub,2026-02-09,598.6575,380,864.53
P4,Banana,R1,Bangalore,W1,BLR Hub,2026-03-19,716.625,650,817.51
P5,Apple,R5,Delhi,W5,DEL Hub,2026-03-12,243.65250000000003,176,851.29
P2,Onion,R4,Mumbai,W4,MUM Hub,2026-02-24,756.315,548,853.37
P5,Apple,R3,Chennai,W3,CHE Hub,2026-03-04,953.6625,778,847.04
P5,Apple,R3,Chennai,W3,CHE Hub,2026-08-24,662.6025000000001,480,858.25
P4,Banana,R3,Chennai,W3,CHE Hub,2026-03-25,942.6375,684,843.03
P2,Onion,R4,Mumbai,W4,MUM Hub,2026-02-27,902.9475000000001,737,809.13
P5,Apple,R4,Mumbai,W4,MUM Hub,2026-02-10,340.6725,278,860.71
P5,Apple,R2,Hyderabad,W2,HYD Hub,2026-10-30,388.08000000000004,246,804.52
P2,Onion,R2,Hyderabad,W2,HYD Hub,2026-10-23,635.0400000000001,576,827.87
P5,Apple,R2,Hyderabad,W2,HYD Hub,2026-09-25,826.875,675,843.44
P5,Apple,R3,Chennai,W3,CHE Hub,2026-01-08,683.5500000000001,496,777.05
P6,Rice,R1,Bangalore,W1,BLR Hub,2026-12-10,157.6575,128,868.41
P6,Rice,R1,Bangalore,W1,BLR Hub,2026-08-10,316.4175,287,877.93
P1,Tomato,R4,Mumbai,W4,MUM Hub,2026-02-08,768.4425000000001,557,844.34
P3,Potato,R2,Hyderabad,W2,HYD Hub,2026-06-01,355.00500000000005,257,887.21
P2,Onion,R5,Delhi,W5,DEL Hub,2026-08-31,882.0,640,812.56
P3,Potato,R3,Chennai,W3,CHE Hub,2026-01-11,918.3825000000002,666,856.02
P4,Banana,R1,Bangalore,W1,BLR Hub,2026-01-08,286.65000000000003,260,868.89
P1,Tomato,R3,Chennai,W3,CHE Hub,2026-08-27,663.705,602,846.66
P3,Potato,R2,Hyderabad,W2,HYD Hub,2026-02-21,790.4925000000001,501,833.63
P6,Rice,R1,Bangalore,W1,BLR Hub,2026-11-27,967.9950000000001,790,854.95
P6,Rice,R4,Mumbai,W4,MUM Hub,2026-01-01,875.3850000000001,635,819.44
P5,Apple,R2,Hyderabad,W2,HYD Hub,2026-10-19,1015.4025000000001,921,848.0
P4,Banana,R2,Hyderabad,W2,HYD Hub,2026-10-31,963.585,699,860.94
P3,Potato,R5,Delhi,W5,DEL Hub,2026-10-30,567.7875,360,821.32
P1,Tomato,R1,Bangalore,W1,BLR Hub,2026-04-08,992.25,630,861.87
P4,Banana,R1,Bangalore,W1,BLR Hub,2026-06-01,863.2575000000002,704,810.43
P6,Rice,R4,Mumbai,W4,MUM Hub,2026-04-11,281.1375,229,798.91
P2,Onion,R3,Chennai,W3,CHE Hub,2026-04-12,561.1725000000001,509,846.68
P4,Banana,R4,Mumbai,W4,MUM Hub,2026-03-09,549.045,448,867.89
P5,Apple,R1,Bangalore,W1,BLR Hub,2026-12-09,714.42,518,826.6
P4,Banana,R5,Delhi,W5,DEL Hub,2026-01-25,726.5475000000001,461,818.52
P5,Apple,R3,Chennai,W3,CHE Hub,2026-04-16,1049.5800000000002,761,811.88
P6,Rice,R2,Hyderabad,W2,HYD Hub,2026-03-30,443.20500000000004,321,838.68
P2,Onion,R3,Chennai,W3,CHE Hub,2026-01-18,378.1575,308,846.49
P3,Potato,R5,Delhi,W5,DEL Hub,2026-08-13,697.8825,633,892.16
P3,Potato,R3,Chennai,W3,CHE Hub,2026-06-01,917.2800000000001,582,849.34
P6,Rice,R3,Chennai,W3,CHE Hub,2026-12-27,1033.0425,749,873.65
P6,Rice,R4,Mumbai,W4,MUM Hub,2026-02-22,403.51500000000004,329,799.07
P2,Onion,R5,Delhi,W5,DEL Hub,2026-12-31,1008.7875,915,874.19
P2,Onion,R3,Chennai,W3,CHE Hub,2026-08-22,831.2850000000001,603,877.33
P3,Potato,R5,Delhi,W5,DEL Hub,2026-02-01,717.7275000000001,651,827.31
P2,Onion,R5,Delhi,W5,DEL Hub,2026-08-25,776.1600000000001,704,839.16
P5,Apple,R4,Mumbai,W4,MUM Hub,2026-04-18,689.0625,562,855.69
P1,Tomato,R4,Mumbai,W4,MUM Hub,2026-04-29,358.3125,260,858.72
P4,Banana,R4,Mumbai,W4,MUM Hub,2026-04-06,704.4975000000001,447,854.64
P1,Tomato,R2,Hyderabad,W2,HYD Hub,2026-10-17,944.8425000000001,771,832.06
P1,Tomato,R3,Chennai,W3,CHE Hub,2026-05-14,382.56750000000005,347,766.13
P2,Onion,R4,Mumbai,W4,MUM Hub,2026-01-21,423.36000000000007,307,837.83
P6,Rice,R1,Bangalore,W1,BLR Hub,2026-12-27,1121.2425000000003,915,888.03
P1,Tomato,R4,Mumbai,W4,MUM Hub,2026-11-13,847.8225000000001,769,797.55
P3,Potato,R4,Mumbai,W4,MUM Hub,2026-01-20,222.70500000000004,141,838.05
P1,Tomato,R3,Chennai,W3,CHE Hub,2026-06-19,1038.555,659,869.76
P1,Tomato,R5,Delhi,W5,DEL Hub,2026-11-25,400.20750000000004,290,858.67
P4,Banana,R2,Hyderabad,W2,HYD Hub,2026-10-02,991.1475,629,876.7
P1,Tomato,R3,Chennai,W3,CHE Hub,2026-12-24,385.875,315,826.42
P3,Potato,R4,Mumbai,W4,MUM Hub,2026-11-05,495.0225000000001,404,857.65
P4,Banana,R4,Mumbai,W4,MUM Hub,2026-07-11,416.74500000000006,302,848.39
P4,Banana,R2,Hyderabad,W2,HYD Hub,2026-10-21,943.7400000000001,856,861.77
P1,Tomato,R3,Chennai,W3,CHE Hub,2026-04-05,270.1125,220,826.18
P4,Banana,R2,Hyderabad,W2,HYD Hub,2026-07-15,416.74500000000006,340,892.88
P4,Banana,R4,Mumbai,W4,MUM Hub,2026-11-01,703.395,446,814.59
P4,Banana,R4,Mumbai,W4,MUM Hub,2026-08-10,863.2575000000002,548,871.38
P1,Tomato,R1,Bangalore,W1,BLR Hub,2026-08-31,908.46,824,822.84
P5,Apple,R2,Hyderabad,W2,HYD Hub,2026-11-07,753.0075,683,841.05
P4,Banana,R3,Chennai,W3,CHE Hub,2026-05-13,886.4100000000001,804,817.52
P5,Apple,R3,Chennai,W3,CHE Hub,2026-01-26,864.3600000000001,548,843.4
P1,Tomato,R4,Mumbai,W4,MUM Hub,2026-01-20,517.0725000000001,469,845.47
P4,Banana,R4,Mumbai,W4,MUM Hub,2026-09-10,351.6975,255,840.15
P5,Apple,R2,Hyderabad,W2,HYD Hub,2026-11-17,891.9225000000001,647,825.19
P3,Potato,R3,Chennai,W3,CHE Hub,2026-03-25,674.73,489,799.66
P5,Apple,R3,Chennai,W3,CHE Hub,2026-03-06,515.97,421,870.13
P5,Apple,R4,Mumbai,W4,MUM Hub,2026-12-23,368.235,334,845.58
P2,Onion,R1,Bangalore,W1,BLR Hub,2026-02-20,592.0425,375,888.42
P1,Tomato,R3,Chennai,W3,CHE Hub,2026-01-13,873.1800000000001,554,815.0
P6,Rice,R1,Bangalore,W1,BLR Hub,2026-08-13,476.28000000000003,432,858.05
P6,Rice,R3,Chennai,W3,CHE Hub,2026-04-07,522.585,379,821.74
P1,Tomato,R4,Mumbai,W4,MUM Hub,2026-02-12,846.7200000000001,691,800.76
P2,Onion,R3,Chennai,W3,CHE Hub,2026-03-23,405.72,257,860.9
P2,Onion,R5,Delhi,W5,DEL Hub,2026-03-27,481.7925,349,810.25
P3,Potato,R2,Hyderabad,W2,HYD Hub,2026-01-09,714.42,648,842.79
P2,Onion,R1,Bangalore,W1,BLR Hub,2026-06-26,847.8225000000001,692,841.65
P5,Apple,R5,Delhi,W5,DEL Hub,2026-02-07,714.42,648,859.35
P5,Apple,R1,Bangalore,W1,BLR Hub,2026-01-06,910.6650000000001,578,773.29
P6,Rice,R2,Hyderabad,W2,HYD Hub,2026-05-28,358.3125,325,839.68
P5,Apple,R2,Hyderabad,W2,HYD Hub,2026-05-25,256.8825,233,846.35
P1,Tomato,R5,Delhi,W5,DEL Hub,2026-12-31,761.8275000000001,483,875.95
P4,Banana,R1,Bangalore,W1,BLR Hub,2026-02-21,851.1300000000001,617,810.59
P6,Rice,R3,Chennai,W3,CHE Hub,2026-10-19,927.2025000000001,672,859.79
P2,Onion,R3,Chennai,W3,CHE Hub,2026-09-17,531.4050000000001,482,827.66
P1,Tomato,R2,Hyderabad,W2,HYD Hub,2026-02-02,556.7625,353,864.97
P4,Banana,R3,Chennai,W3,CHE Hub,2026-04-04,900.7425000000001,653,826.9
P3,Potato,R5,Delhi,W5,DEL Hub,2026-07-11,735.3675000000001,600,914.59
P2,Onion,R4,Mumbai,W4,MUM Hub,2026-05-20,497.2275,405,872.29
P1,Tomato,R2,Hyderabad,W2,HYD Hub,2026-02-03,944.8425000000001,599,816.53
P6,Rice,R1,Bangalore,W1,BLR Hub,2026-11-04,648.27,588,873.22
P2,Onion,R3,Chennai,W3,CHE Hub,2026-09-01,938.2275000000001,680,848.58
P1,Tomato,R2,Hyderabad,W2,HYD Hub,2026-10-25,759.6225000000001,551,805.18
P3,Potato,R1,Bangalore,W1,BLR Hub,2026-09-17,844.5150000000001,766,834.16
P3,Potato,R4,Mumbai,W4,MUM Hub,2026-11-26,800.4150000000001,726,854.59
P5,Apple,R5,Delhi,W5,DEL Hub,2026-03-31,1126.755,1022,878.57
P2,Onion,R5,Delhi,W5,DEL Hub,2026-02-10,648.27,529,856.52
P2,Onion,R1,Bangalore,W1,BLR Hub,2026-12-06,406.8225,332,845.22
P2,Onion,R4,Mumbai,W4,MUM Hub,2026-09-15,952.5600000000001,604,875.78
P1,Tomato,R2,Hyderabad,W2,HYD Hub,2026-05-15,689.0625,500,864.33
P4,Banana,R5,Delhi,W5,DEL Hub,2026-11-24,644.9625,409,873.03
P4,Banana,R5,Delhi,W5,DEL Hub,2026-03-26,421.15500000000003,305,825.41
P4,Banana,R4,Mumbai,W4,MUM Hub,2026-04-16,443.20500000000004,281,830.89
P1,Tomato,R5,Delhi,W5,DEL Hub,2026-05-13,749.7,475,767.36
P3,Potato,R1,Bangalore,W1,BLR Hub,2026-05-11,669.2175000000001,607,882.49
P3,Potato,R4,Mumbai,W4,MUM Hub,2026-10-02,263.4975,191,852.85
P1,Tomato,R5,Delhi,W5,DEL Hub,2026-12-06,729.855,662,872.82
P5,Apple,R3,Chennai,W3,CHE Hub,2026-08-27,966.8925,877,861.05
P4,Banana,R2,Hyderabad,W2,HYD Hub,2026-02-15,1102.5,1000,855.79
P6,Rice,R2,Hyderabad,W2,HYD Hub,2026-07-03,800.4150000000001,580,815.27
P6,Rice,R1,Bangalore,W1,BLR Hub,2026-03-07,664.8075,482,872.28
P6,Rice,R4,Mumbai,W4,MUM Hub,2026-03-19,251.37,205,875.76
P5,Apple,R3,Chennai,W3,CHE Hub,2026-09-07,980.1225000000001,622,866.99
P1,Tomato,R2,Hyderabad,W2,HYD Hub,2026-09-03,820.2600000000001,669,793.12
P1,Tomato,R1,Bangalore,W1,BLR Hub,2026-12-12,1098.09,896,885.64
P5,Apple,R1,Bangalore,W1,BLR Hub,2026-04-07,820.2600000000001,595,800.83
P3,Potato,R5,Delhi,W5,DEL Hub,2026-11-17,674.73,550,824.26
P1,Tomato,R4,Mumbai,W4,MUM Hub,2026-04-16,784.98,640,729.33
P5,Apple,R1,Bangalore,W1,BLR Hub,2026-11-23,835.695,682,862.57
P3,Potato,R3,Chennai,W3,CHE Hub,2026-09-02,705.6,576,858.59
P2,Onion,R2,Hyderabad,W2,HYD Hub,2026-04-15,605.2725,494,862.43
P4,Banana,R3,Chennai,W3,CHE Hub,2026-03-28,189.63,154,837.64
P2,Onion,R1,Bangalore,W1,BLR Hub,2026-03-27,884.205,802,802.06
P1,Tomato,R5,Delhi,W5,DEL Hub,2026-07-25,716.625,585,829.96
P3,Potato,R2,Hyderabad,W2,HYD Hub,2026-06-08,940.4325000000001,767,883.31
P2,Onion,R4,Mumbai,W4,MUM Hub,2026-05-18,675.8325,551,855.77
P2,Onion,R1,Bangalore,W1,BLR Hub,2026-11-05,991.1475,809,850.36
P2,Onion,R4,Mumbai,W4,MUM Hub,2026-01-20,235.93500000000003,171,837.74
P1,Tomato,R2,Hyderabad,W2,HYD Hub,2026-03-26,703.395,510,800.85
P3,Potato,R3,Chennai,W3,CHE Hub,2026-02-15,947.0475000000001,859,864.41
P3,Potato,R3,Chennai,W3,CHE Hub,2026-12-24,375.95250000000004,341,841.7
P6,Rice,R3,Chennai,W3,CHE Hub,2026-12-10,392.49,356,857.75
P3,Potato,R5,Delhi,W5,DEL Hub,2026-12-25,837.9000000000001,760,836.24
P1,Tomato,R2,Hyderabad,W2,HYD Hub,2026-01-12,360.51750000000004,261,868.86
P5,Apple,R1,Bangalore,W1,BLR Hub,2026-08-27,829.08,752,881.09
P2,Onion,R2,Hyderabad,W2,HYD Hub,2026-09-26,524.7900000000001,428,869.11
P4,Banana,R4,Mumbai,W4,MUM Hub,2026-10-29,429.975,351,845.35
P6,Rice,R5,Delhi,W5,DEL Hub,2026-07-16,1073.835,876,908.47
P2,Onion,R3,Chennai,W3,CHE Hub,2026-06-17,506.04750000000007,321,867.87
P1,Tomato,R4,Mumbai,W4,MUM Hub,2026-09-06,599.7600000000001,435,839.27
P6,Rice,R4,Mumbai,W4,MUM Hub,2026-12-01,336.2625,244,831.64
P6,Rice,R5,Delhi,W5,DEL Hub,2026-08-21,1117.9350000000002,1014,931.99
P4,Banana,R3,Chennai,W3,CHE Hub,2026-06-19,1091.4750000000001,990,937.66
P3,Potato,R3,Chennai,W3,CHE Hub,2026-07-29,308.7,280,800.24
P3,Potato,R4,Mumbai,W4,MUM Hub,2026-05-10,801.5175,727,834.82
P4,Banana,R2,Hyderabad,W2,HYD Hub,2026-01-17,993.3525000000001,810,883.07
P4,Banana,R1,Bangalore,W1,BLR Hub,2026-02-12,616.2975000000001,447,846.7
P5,Apple,R1,Bangalore,W1,BLR Hub,2026-01-30,851.1300000000001,772,803.74
P6,Rice,R4,Mumbai,W4,MUM Hub,2026-04-29,555.6600000000001,352,817.67
P6,Rice,R5,Delhi,W5,DEL Hub,2026-08-31,809.2350000000001,660,821.36
P1,Tomato,R1,Bangalore,W1,BLR Hub,2026-07-04,781.6725000000001,567,755.82
P1,Tomato,R4,Mumbai,W4,MUM Hub,2026-01-31,391.3875,284,859.85
P2,Onion,R5,Delhi,W5,DEL Hub,2026-03-06,756.315,617,767.34
P5,Apple,R3,Chennai,W3,CHE Hub,2026-06-24,471.87000000000006,299,864.7
P6,Rice,R1,Bangalore,W1,BLR Hub,2026-10-19,558.9675000000001,507,859.9
P6,Rice,R3,Chennai,W3,CHE Hub,2026-04-19,848.9250000000001,539,801.22
P1,Tomato,R1,Bangalore,W1,BLR Hub,2026-01-28,501.63750000000005,455,823.67
P2,Onion,R4,Mumbai,W4,MUM Hub,2026-01-27,474.07500000000005,430,822.62
P3,Potato,R5,Delhi,W5,DEL Hub,2026-06-17,814.7475000000001,517,791.76
P2,Onion,R2,Hyderabad,W2,HYD Hub,2026-02-28,565.5825,410,894.9
P4,Banana,R1,Bangalore,W1,BLR Hub,2026-09-24,931.6125000000001,676,842.63
P5,Apple,R3,Chennai,W3,CHE Hub,2026-10-08,529.2,480,832.87
P5,Apple,R3,Chennai,W3,CHE Hub,2026-02-08,713.3175000000001,647,842.86
P3,Potato,R1,Bangalore,W1,BLR Hub,2026-10-04,147.735,107,866.51
P1,Tomato,R1,Bangalore,W1,BLR Hub,2026-11-13,321.93000000000006,262,855.37
P1,Tomato,R5,Delhi,W5,DEL Hub,2026-09-08,380.3625,276,822.7
P1,Tomato,R5,Delhi,W5,DEL Hub,2026-09-08,554.5575,352,821.37
P6,Rice,R4,Mumbai,W4,MUM Hub,2026-07-22,969.0975000000001,791,902.84
P2,Onion,R2,Hyderabad,W2,HYD Hub,2026-11-30,853.335,774,839.3
P3,Potato,R1,Bangalore,W1,BLR Hub,2026-09-28,284.44500000000005,180,844.0
P5,Apple,R2,Hyderabad,W2,HYD Hub,2026-09-11,622.9125,565,815.24
P5,Apple,R1,Bangalore,W1,BLR Hub,2026-11-03,930.5100000000001,844,831.14
P2,Onion,R3,Chennai,W3,CHE Hub,2026-09-17,579.9150000000001,526,815.18
P6,Rice,R1,Bangalore,W1,BLR Hub,2026-11-16,243.65250000000003,154,888.0
P3,Potato,R2,Hyderabad,W2,HYD Hub,2026-02-16,374.85,272,830.28
P6,Rice,R1,Bangalore,W1,BLR Hub,2026-12-02,889.7175000000001,564,832.44
P1,Tomato,R1,Bangalore,W1,BLR Hub,2026-09-02,866.565,707,807.59
P5,Apple,R1,Bangalore,W1,BLR Hub,2026-02-19,706.7025000000001,641,842.87
P1,Tomato,R1,Bangalore,W1,BLR Hub,2026-12-30,845.6175000000001,690,803.83
P6,Rice,R3,Chennai,W3,CHE Hub,2026-12-29,446.51250000000005,364,839.19
P4,Banana,R2,Hyderabad,W2,HYD Hub,2026-12-01,390.285,354,843.45
P3,Potato,R4,Mumbai,W4,MUM Hub,2026-05-24,1110.2175000000002,805,910.5
P5,Apple,R2,Hyderabad,W2,HYD Hub,2026-09-05,939.33,596,826.02
P4,Banana,R3,Chennai,W3,CHE Hub,2026-04-27,654.8850000000001,534,838.79
P5,Apple,R5,Delhi,W5,DEL Hub,2026-07-01,514.8675000000001,373,865.11
P5,Apple,R4,Mumbai,W4,MUM Hub,2026-10-25,706.7025000000001,576,817.97
P4,Banana,R1,Bangalore,W1,BLR Hub,2026-03-08,310.90500000000003,282,829.83
P3,Potato,R4,Mumbai,W4,MUM Hub,2026-11-09,991.1475,899,882.74
P5,Apple,R1,Bangalore,W1,BLR Hub,2026-01-03,1003.2750000000001,637,880.44
P5,Apple,R1,Bangalore,W1,BLR Hub,2026-03-04,669.2175000000001,546,784.1
P1,Tomato,R5,Delhi,W5,DEL Hub,2026-06-09,885.3075000000001,803,829.23
P4,Banana,R4,Mumbai,W4,MUM Hub,2026-10-05,305.39250000000004,277,880.5
P6,Rice,R2,Hyderabad,W2,HYD Hub,2026-10-26,292.1625,185,853.88
P5,Apple,R2,Hyderabad,W2,HYD Hub,2026-11-13,582.12,528,827.95
P1,Tomato,R4,Mumbai,W4,MUM Hub,2026-12-29,1057.2975000000001,863,905.24
P1,Tomato,R4,Mumbai,W4,MUM Hub,2026-06-03,640.5525000000001,581,846.73
P4,Banana,R4,Mumbai,W4,MUM Hub,2026-07-18,694.575,441,827.61
P1,Tomato,R3,Chennai,W3,CHE Hub,2026-10-31,381.46500000000003,276,820.64
P3,Potato,R5,Delhi,W5,DEL Hub,2026-10-08,963.585,699,858.38
P5,Apple,R1,Bangalore,W1,BLR Hub,2026-05-25,987.8400000000001,896,932.35
P2,Onion,R5,Delhi,W5,DEL Hub,2026-11-26,1035.2475000000002,657,872.15
P5,Apple,R5,Delhi,W5,DEL Hub,2026-06-16,483.99750000000006,395,822.58
P1,Tomato,R1,Bangalore,W1,BLR Hub,2026-02-01,411.2325000000001,373,863.47
P5,Apple,R2,Hyderabad,W2,HYD Hub,2026-12-18,353.90250000000003,256,829.74
P6,Rice,R3,Chennai,W3,CHE Hub,2026-08-22,348.39000000000004,316,870.56
P1,Tomato,R2,Hyderabad,W2,HYD Hub,2026-08-29,649.3725000000001,471,790.44
P3,Potato,R5,Delhi,W5,DEL Hub,2026-10-20,811.44,515,806.59
P5,Apple,R2,Hyderabad,W2,HYD Hub,2026-07-07,879.7950000000002,798,813.2
P2,Onion,R3,Chennai,W3,CHE Hub,2026-10-14,620.7075,506,876.29
P4,Banana,R5,Delhi,W5,DEL Hub,2026-07-09,478.48500000000007,434,826.94
P1,Tomato,R5,Delhi,W5,DEL Hub,2026-10-21,407.925,296,886.75
P5,Apple,R1,Bangalore,W1,BLR Hub,2026-11-08,936.0225,849,868.46
P2,Onion,R2,Hyderabad,W2,HYD Hub,2026-10-20,626.22,511,869.67
P1,Tomato,R1,Bangalore,W1,BLR Hub,2026-07-15,502.74,319,838.46
P2,Onion,R1,Bangalore,W1,BLR Hub,2026-05-17,420.0525,342,812.26
P4,Banana,R1,Bangalore,W1,BLR Hub,2026-08-05,464.15250000000003,421,852.47
P6,Rice,R5,Delhi,W5,DEL Hub,2026-12-31,984.5325000000001,893,879.57
P2,Onion,R2,Hyderabad,W2,HYD Hub,2026-08-21,625.1175000000001,510,866.29
P1,Tomato,R4,Mumbai,W4,MUM Hub,2026-03-03,313.11,255,813.67
P1,Tomato,R4,Mumbai,W4,MUM Hub,2026-11-06,638.3475000000001,405,851.5
P5,Apple,R2,Hyderabad,W2,HYD Hub,2026-05-04,373.7475,271,890.97
P5,Apple,R2,Hyderabad,W2,HYD Hub,2026-12-02,577.71,366,878.99
P2,Onion,R3,Chennai,W3,CHE Hub,2026-06-30,884.205,561,801.7
P2,Onion,R5,Delhi,W5,DEL Hub,2026-03-22,372.64500000000004,236,859.65
P2,Onion,R3,Chennai,W3,CHE Hub,2026-02-05,545.7375000000001,445,849.02
P3,Potato,R1,Bangalore,W1,BLR Hub,2026-09-19,272.31750000000005,172,867.59
P4,Banana,R3,Chennai,W3,CHE Hub,2026-04-23,894.1275,811,826.23
P2,Onion,R5,Delhi,W5,DEL Hub,2026-10-12,277.83000000000004,226,896.68
P1,Tomato,R2,Hyderabad,W2,HYD Hub,2026-08-20,859.95,780,814.8
P5,Apple,R4,Mumbai,W4,MUM Hub,2026-11-25,940.4325000000001,682,835.52
P5,Apple,R1,Bangalore,W1,BLR Hub,2026-05-19,642.7575,583,890.17
P5,Apple,R4,Mumbai,W4,MUM Hub,2026-03-19,353.90250000000003,288,887.06
P5,Apple,R5,Delhi,W5,DEL Hub,2026-06-10,325.2375,236,847.17
P5,Apple,R4,Mumbai,W4,MUM Hub,2026-07-18,694.575,567,813.51
P6,Rice,R5,Delhi,W5,DEL Hub,2026-09-15,415.64250000000004,263,844.19
P4,Banana,R1,Bangalore,W1,BLR Hub,2026-08-11,444.30750000000006,282,854.87
P5,Apple,R2,Hyderabad,W2,HYD Hub,2026-08-17,396.90000000000003,288,868.13
P3,Potato,R1,Bangalore,W1,BLR Hub,2026-03-09,374.85,272,851.31
P1,Tomato,R3,Chennai,W3,CHE Hub,2026-12-08,409.02750000000003,259,862.35
P6,Rice,R4,Mumbai,W4,MUM Hub,2026-02-17,724.3425000000001,591,817.09
P6,Rice,R1,Bangalore,W1,BLR Hub,2026-12-21,782.775,639,887.08
P4,Banana,R2,Hyderabad,W2,HYD Hub,2026-03-12,568.8900000000001,412,847.25
P4,Banana,R1,Bangalore,W1,BLR Hub,2026-01-25,378.1575,240,847.27
P1,Tomato,R1,Bangalore,W1,BLR Hub,2026-06-22,877.5900000000001,636,855.67
P6,Rice,R2,Hyderabad,W2,HYD Hub,2026-08-16,380.3625,310,849.38
P1,Tomato,R3,Chennai,W3,CHE Hub,2026-11-28,262.39500000000004,166,863.62
P2,Onion,R5,Delhi,W5,DEL Hub,2026-10-04,556.7625,404,830.41
P4,Banana,R3,Chennai,W3,CHE Hub,2026-08-06,186.32250000000002,118,854.11
P4,Banana,R3,Chennai,W3,CHE Hub,2026-09-23,940.4325000000001,767,835.5
P2,Onion,R1,Bangalore,W1,BLR Hub,2026-01-11,959.1750000000001,870,847.94
P1,Tomato,R3,Chennai,W3,CHE Hub,2026-08-18,856.6425,699,834.8
P6,Rice,R2,Hyderabad,W2,HYD Hub,2026-02-26,772.8525000000001,701,795.46
P2,Onion,R1,Bangalore,W1,BLR Hub,2026-03-15,184.1175,133,830.52
P1,Tomato,R3,Chennai,W3,CHE Hub,2026-02-03,324.135,264,829.87
P5,Apple,R2,Hyderabad,W2,HYD Hub,2026-10-20,830.1825,602,874.02
P6,Rice,R2,Hyderabad,W2,HYD Hub,2026-05-13,437.69250000000005,317,833.43
P1,Tomato,R4,Mumbai,W4,MUM Hub,2026-08-06,334.05750000000006,242,818.3
P3,Potato,R2,Hyderabad,W2,HYD Hub,2026-10-09,254.6775,161,870.89
P3,Potato,R5,Delhi,W5,DEL Hub,2026-11-27,902.9475000000001,819,830.16
P4,Banana,R1,Bangalore,W1,BLR Hub,2026-02-02,418.95000000000005,266,833.3
P5,Apple,R4,Mumbai,W4,MUM Hub,2026-07-09,444.30750000000006,322,837.95
P1,Tomato,R5,Delhi,W5,DEL Hub,2026-05-07,789.3900000000001,572,795.95
P6,Rice,R2,Hyderabad,W2,HYD Hub,2026-07-06,836.7975000000001,531,838.72
P1,Tomato,R3,Chennai,W3,CHE Hub,2026-03-30,377.05500000000006,273,869.94
P2,Onion,R1,Bangalore,W1,BLR Hub,2026-12-27,457.5375,290,856.84
P3,Potato,R2,Hyderabad,W2,HYD Hub,2026-10-18,718.83,456,776.5
P5,Apple,R4,Mumbai,W4,MUM Hub,2026-08-22,646.065,586,868.83
P6,Rice,R3,Chennai,W3,CHE Hub,2026-02-02,546.8400000000001,396,824.29
P4,Banana,R2,Hyderabad,W2,HYD Hub,2026-07-28,697.8825,569,844.41
P1,Tomato,R4,Mumbai,W4,MUM Hub,2026-04-16,528.0975000000001,479,808.31
P4,Banana,R5,Delhi,W5,DEL Hub,2026-11-02,442.1025,320,856.55
P4,Banana,R4,Mumbai,W4,MUM Hub,2026-12-23,723.2400000000001,459,832.94
P3,Potato,R3,Chennai,W3,CHE Hub,2026-09-29,316.4175,200,829.21
P2,Onion,R4,Mumbai,W4,MUM Hub,2026-08-07,819.1575,668,784.87
P1,Tomato,R3,Chennai,W3,CHE Hub,2026-12-23,738.6750000000001,603,873.12
P6,Rice,R3,Chennai,W3,CHE Hub,2026-11-20,746.3925,473,864.59
P6,Rice,R1,Bangalore,W1,BLR Hub,2026-02-18,900.7425000000001,653,828.27
P6,Rice,R2,Hyderabad,W2,HYD Hub,2026-03-06,452.02500000000003,369,808.51
P4,Banana,R5,Delhi,W5,DEL Hub,2026-07-15,678.0375,430,807.87
P1,Tomato,R1,Bangalore,W1,BLR Hub,2026-07-26,750.8025000000001,544,799.69
P2,Onion,R5,Delhi,W5,DEL Hub,2026-11-05,293.26500000000004,186,843.18
P1,Tomato,R1,Bangalore,W1,BLR Hub,2026-01-23,521.4825000000001,425,815.15
P4,Banana,R4,Mumbai,W4,MUM Hub,2026-01-28,1120.14,812,948.78
P3,Potato,R4,Mumbai,W4,MUM Hub,2026-12-25,572.1975000000001,415,889.84
P5,Apple,R2,Hyderabad,W2,HYD Hub,2026-10-11,466.3575000000001,380,821.77
P3,Potato,R4,Mumbai,W4,MUM Hub,2026-10-30,436.59000000000003,316,888.12
P1,Tomato,R5,Delhi,W5,DEL Hub,2026-11-16,294.36750000000006,240,852.27
P3,Potato,R1,Bangalore,W1,BLR Hub,2026-06-24,535.815,486,804.42
P3,Potato,R1,Bangalore,W1,BLR Hub,2026-07-02,627.3225000000001,398,826.67
P6,Rice,R1,Bangalore,W1,BLR Hub,2026-10-18,771.75,700,854.46
P2,Onion,R4,Mumbai,W4,MUM Hub,2026-03-25,684.6525000000001,621,872.26
P2,Onion,R4,Mumbai,W4,MUM Hub,2026-06-29,331.8525,301,863.9
P2,Onion,R2,Hyderabad,W2,HYD Hub,2026-06-26,478.48500000000007,434,911.9
P3,Potato,R4,Mumbai,W4,MUM Hub,2026-08-01,965.7900000000001,876,882.06
P3,Potato,R5,Delhi,W5,DEL Hub,2026-03-28,310.90500000000003,282,823.55
P6,Rice,R4,Mumbai,W4,MUM Hub,2026-08-04,1009.8900000000001,824,877.03
P1,Tomato,R5,Delhi,W5,DEL Hub,2026-10-06,521.4825000000001,425,841.14
P5,Apple,R5,Delhi,W5,DEL Hub,2026-02-04,736.47,601,816.52
P3,Potato,R3,Chennai,W3,CHE Hub,2026-04-19,398.00250000000005,324,834.29
P2,Onion,R1,Bangalore,W1,BLR Hub,2026-07-10,805.9275000000001,584,778.12
P5,Apple,R3,Chennai,W3,CHE Hub,2026-12-30,816.9525000000001,518,886.1
P2,Onion,R5,Delhi,W5,DEL Hub,2026-03-23,525.8925,381,869.57
P3,Potato,R3,Chennai,W3,CHE Hub,2026-09-09,679.1400000000001,554,872.54
P6,Rice,R2,Hyderabad,W2,HYD Hub,2026-09-21,385.875,280,814.69
P4,Banana,R4,Mumbai,W4,MUM Hub,2026-02-08,530.3025,384,841.51
P1,Tomato,R1,Bangalore,W1,BLR Hub,2026-09-29,952.5600000000001,691,862.45
P5,Apple,R3,Chennai,W3,CHE Hub,2026-07-23,517.0725000000001,375,846.89
P3,Potato,R2,Hyderabad,W2,HYD Hub,2026-01-28,455.33250000000004,289,848.71
P4,Banana,R4,Mumbai,W4,MUM Hub,2026-12-28,421.15500000000003,305,847.83
P6,Rice,R3,Chennai,W3,CHE Hub,2026-01-10,789.3900000000001,501,844.02
P6,Rice,R4,Mumbai,W4,MUM Hub,2026-10-01,420.0525,381,842.28
P6,Rice,R4,Mumbai,W4,MUM Hub,2026-01-27,336.2625,213,860.01
P1,Tomato,R3,Chennai,W3,CHE Hub,2026-12-12,287.7525,234,857.39
P3,Potato,R4,Mumbai,W4,MUM Hub,2026-04-30,979.0200000000001,888,839.39
P3,Potato,R4,Mumbai,W4,MUM Hub,2026-09-08,359.415,260,842.78
P5,Apple,R3,Chennai,W3,CHE Hub,2026-02-23,808.1325,659,947.07
P6,Rice,R4,Mumbai,W4,MUM Hub,2026-08-25,450.92250000000007,368,884.88
P4,Banana,R4,Mumbai,W4,MUM Hub,2026-10-07,471.87000000000006,299,850.7
P4,Banana,R1,Bangalore,W1,BLR Hub,2026-03-07,629.5275000000001,571,864.64
P3,Potato,R4,Mumbai,W4,MUM Hub,2026-03-12,676.9350000000001,614,845.87
P3,Potato,R3,Chennai,W3,CHE Hub,2026-09-20,363.825,230,857.24
P6,Rice,R2,Hyderabad,W2,HYD Hub,2026-04-26,396.90000000000003,288,824.8
P3,Potato,R1,Bangalore,W1,BLR Hub,2026-01-07,855.5400000000001,776,816.39
P4,Banana,R5,Delhi,W5,DEL Hub,2026-10-11,572.1975000000001,467,847.19
P3,Potato,R2,Hyderabad,W2,HYD Hub,2026-09-28,1056.1950000000002,862,852.11
P3,Potato,R1,Bangalore,W1,BLR Hub,2026-08-12,532.5075,483,838.99
P4,Banana,R4,Mumbai,W4,MUM Hub,2026-12-23,882.0,720,885.04
P3,Potato,R5,Delhi,W5,DEL Hub,2026-04-03,648.27,588,850.87
P2,Onion,R4,Mumbai,W4,MUM Hub,2026-10-19,606.375,550,853.18
P3,Potato,R4,Mumbai,W4,MUM Hub,2026-11-04,779.4675000000001,636,871.17
P5,Apple,R2,Hyderabad,W2,HYD Hub,2026-11-07,1068.3225,775,906.27
P4,Banana,R1,Bangalore,W1,BLR Hub,2026-06-12,773.955,561,826.86
P6,Rice,R4,Mumbai,W4,MUM Hub,2026-03-28,325.2375,206,795.38
P2,Onion,R1,Bangalore,W1,BLR Hub,2026-10-15,355.00500000000005,225,819.74
P5,Apple,R4,Mumbai,W4,MUM Hub,2026-11-06,395.7975,287,863.1
P5,Apple,R1,Bangalore,W1,BLR Hub,2026-06-05,711.1125000000001,580,831.75
P6,Rice,R3,Chennai,W3,CHE Hub,2026-08-31,727.65,461,868.9
P6,Rice,R3,Chennai,W3,CHE Hub,2026-08-01,945.9450000000002,600,838.98
P3,Potato,R2,Hyderabad,W2,HYD Hub,2026-04-28,560.07,508,856.59
P3,Potato,R4,Mumbai,W4,MUM Hub,2026-04-25,758.52,550,867.82
P4,Banana,R1,Bangalore,W1,BLR Hub,2026-11-01,514.8675000000001,326,841.47
P3,Potato,R5,Delhi,W5,DEL Hub,2026-09-18,425.56500000000005,270,888.29
P3,Potato,R2,Hyderabad,W2,HYD Hub,2026-10-01,371.5425,303,830.23
P2,Onion,R1,Bangalore,W1,BLR Hub,2026-03-14,1102.5,800,868.48
P3,Potato,R2,Hyderabad,W2,HYD Hub,2026-05-14,1055.0925,861,910.65
P2,Onion,R2,Hyderabad,W2,HYD Hub,2026-08-31,470.76750000000004,384,833.11
P6,Rice,R2,Hyderabad,W2,HYD Hub,2026-08-03,450.92250000000007,327,867.84
P5,Apple,R4,Mumbai,W4,MUM Hub,2026-01-28,628.4250000000001,399,775.9
P3,Potato,R1,Bangalore,W1,BLR Hub,2026-05-08,924.9975000000001,587,834.71
P1,Tomato,R3,Chennai,W3,CHE Hub,2026-04-04,335.16,304,816.31
P2,Onion,R5,Delhi,W5,DEL Hub,2026-06-18,592.0425,483,851.59
P3,Potato,R1,Bangalore,W1,BLR Hub,2026-08-28,180.81000000000003,164,844.48
P4,Banana,R2,Hyderabad,W2,HYD Hub,2026-10-04,630.63,572,881.3
P1,Tomato,R4,Mumbai,W4,MUM Hub,2026-01-11,481.7925,349,831.8
P4,Banana,R1,Bangalore,W1,BLR Hub,2026-07-26,678.0375,492,834.23
P6,Rice,R5,Delhi,W5,DEL Hub,2026-02-27,847.8225000000001,538,785.1
P3,Potato,R1,Bangalore,W1,BLR Hub,2026-02-23,184.1175,150,895.39
P6,Rice,R3,Chennai,W3,CHE Hub,2026-07-18,788.2875,500,843.34
P3,Potato,R1,Bangalore,W1,BLR Hub,2026-08-03,501.63750000000005,318,907.52
P2,Onion,R2,Hyderabad,W2,HYD Hub,2026-02-12,216.09000000000003,196,863.08
P3,Potato,R1,Bangalore,W1,BLR Hub,2026-09-26,216.09000000000003,156,871.88
P3,Potato,R5,Delhi,W5,DEL Hub,2026-05-15,686.8575,623,816.16
P6,Rice,R2,Hyderabad,W2,HYD Hub,2026-08-19,1083.7575000000002,688,830.74
P2,Onion,R5,Delhi,W5,DEL Hub,2026-09-08,472.9725000000001,386,841.04
P1,Tomato,R4,Mumbai,W4,MUM Hub,2026-04-25,583.2225000000001,476,817.1
P2,Onion,R4,Mumbai,W4,MUM Hub,2026-01-03,474.07500000000005,301,861.13
P2,Onion,R2,Hyderabad,W2,HYD Hub,2026-12-01,471.87000000000006,299,898.41
P2,Onion,R4,Mumbai,W4,MUM Hub,2026-01-28,110.25,100,806.58
P1,Tomato,R2,Hyderabad,W2,HYD Hub,2026-09-12,490.6125,311,841.27
P4,Banana,R5,Delhi,W5,DEL Hub,2026-05-11,475.1775,301,857.3
P4,Banana,R4,Mumbai,W4,MUM Hub,2026-12-09,997.7625,633,868.99
P6,Rice,R4,Mumbai,W4,MUM Hub,2026-07-30,492.81750000000005,447,855.84
P6,Rice,R5,Delhi,W5,DEL Hub,2026-04-25,1036.3500000000001,940,869.42
P6,Rice,R4,Mumbai,W4,MUM Hub,2026-07-03,471.87000000000006,299,836.34
P4,Banana,R2,Hyderabad,W2,HYD Hub,2026-12-06,398.00250000000005,288,827.32
P5,Apple,R2,Hyderabad,W2,HYD Hub,2026-11-28,556.7625,353,870.19
P4,Banana,R3,Chennai,W3,CHE Hub,2026-05-01,721.0350000000001,523,801.15
P1,Tomato,R1,Bangalore,W1,BLR Hub,2026-10-28,717.7275000000001,651,818.32
P1,Tomato,R5,Delhi,W5,DEL Hub,2026-12-29,493.9200000000001,358,847.46
P5,Apple,R1,Bangalore,W1,BLR Hub,2026-07-28,347.2875,220,766.96
P6,Rice,R1,Bangalore,W1,BLR Hub,2026-10-17,703.395,574,887.88
P3,Potato,R3,Chennai,W3,CHE Hub,2026-08-28,665.9100000000001,483,818.84
P4,Banana,R2,Hyderabad,W2,HYD Hub,2026-12-20,668.1150000000001,606,836.1
P6,Rice,R5,Delhi,W5,DEL Hub,2026-01-21,327.44250000000005,207,907.43
P2,Onion,R5,Delhi,W5,DEL Hub,2026-08-06,888.6150000000001,725,822.98
P2,Onion,R4,Mumbai,W4,MUM Hub,2026-06-04,873.1800000000001,633,812.65
P3,Potato,R4,Mumbai,W4,MUM Hub,2026-01-05,945.9450000000002,686,824.83
P6,Rice,R2,Hyderabad,W2,HYD Hub,2026-11-29,472.9725000000001,300,816.4
P6,Rice,R5,Delhi,W5,DEL Hub,2026-06-16,628.4250000000001,399,811.62
P5,Apple,R5,Delhi,W5,DEL Hub,2026-04-06,702.2925,509,863.52
P1,Tomato,R3,Chennai,W3,CHE Hub,2026-05-23,592.0425,429,865.48
P2,Onion,R4,Mumbai,W4,MUM Hub,2026-05-20,825.7725,749,812.91
P4,Banana,R4,Mumbai,W4,MUM Hub,2026-04-11,754.1100000000001,684,758.05
P6,Rice,R5,Delhi,W5,DEL Hub,2026-09-22,299.88000000000005,190,866.3
P1,Tomato,R1,Bangalore,W1,BLR Hub,2026-04-16,683.5500000000001,558,762.58
P4,Banana,R1,Bangalore,W1,BLR Hub,2026-08-26,371.5425,269,869.67
P5,Apple,R3,Chennai,W3,CHE Hub,2026-09-08,261.2925,165,865.38
P2,Onion,R2,Hyderabad,W2,HYD Hub,2026-05-25,839.0025,761,820.41
P4,Banana,R2,Hyderabad,W2,HYD Hub,2026-04-18,870.975,711,844.9
P6,Rice,R3,Chennai,W3,CHE Hub,2026-03-17,1018.71,646,859.93
P2,Onion,R4,Mumbai,W4,MUM Hub,2026-12-04,827.9775000000001,525,833.72
P5,Apple,R5,Delhi,W5,DEL Hub,2026-06-23,393.59250000000003,357,876.38
P5,Apple,R3,Chennai,W3,CHE Hub,2026-02-19,230.4225,188,794.75
P1,Tomato,R2,Hyderabad,W2,HYD Hub,2026-06-08,449.82000000000005,408,870.17
P4,Banana,R1,Bangalore,W1,BLR Hub,2026-09-03,539.1225000000001,391,825.73
P2,Onion,R4,Mumbai,W4,MUM Hub,2026-04-15,829.08,752,817.37
P1,Tomato,R4,Mumbai,W4,MUM Hub,2026-09-18,779.4675000000001,565,860.17
P4,Banana,R1,Bangalore,W1,BLR Hub,2026-04-13,694.575,504,873.48
P4,Banana,R5,Delhi,W5,DEL Hub,2026-01-03,297.675,216,823.77
P2,Onion,R5,Delhi,W5,DEL Hub,2026-07-18,998.8650000000001,815,811.68
P6,Rice,R5,Delhi,W5,DEL Hub,2026-10-14,369.33750000000003,335,874.72
P2,Onion,R3,Chennai,W3,CHE Hub,2026-07-14,464.15250000000003,336,857.27
P6,Rice,R2,Hyderabad,W2,HYD Hub,2026-01-20,432.18000000000006,392,859.83
P4,Banana,R1,Bangalore,W1,BLR Hub,2026-10-07,841.2075,763,858.48
P4,Banana,R1,Bangalore,W1,BLR Hub,2026-01-31,550.1475,349,857.31
P3,Potato,R1,Bangalore,W1,BLR Hub,2026-10-08,768.4425000000001,697,861.62
P5,Apple,R4,Mumbai,W4,MUM Hub,2026-03-11,909.5625,660,812.79
P5,Apple,R3,Chennai,W3,CHE Hub,2026-04-12,524.7900000000001,333,828.61
P6,Rice,R1,Bangalore,W1,BLR Hub,2026-10-10,825.7725,749,793.57
P1,Tomato,R2,Hyderabad,W2,HYD Hub,2026-11-25,797.1075,650,826.02
P5,Apple,R1,Bangalore,W1,BLR Hub,2026-06-17,314.21250000000003,228,865.88
P1,Tomato,R1,Bangalore,W1,BLR Hub,2026-07-04,890.8200000000002,808,808.62
P3,Potato,R5,Delhi,W5,DEL Hub,2026-04-22,422.25750000000005,268,859.39
P4,Banana,R3,Chennai,W3,CHE Hub,2026-03-10,267.9075,170,821.8
P6,Rice,R1,Bangalore,W1,BLR Hub,2026-07-28,206.1675,130,842.47
P1,Tomato,R4,Mumbai,W4,MUM Hub,2026-07-01,799.3125,725,749.05
P2,Onion,R1,Bangalore,W1,BLR Hub,2026-04-18,990.0450000000002,628,813.02
P4,Banana,R5,Delhi,W5,DEL Hub,2026-05-12,603.0675,437,824.18
P3,Potato,R3,Chennai,W3,CHE Hub,2026-08-27,1091.4750000000001,792,934.46
P6,Rice,R2,Hyderabad,W2,HYD Hub,2026-04-16,753.0075,546,741.16
P2,Onion,R4,Mumbai,W4,MUM Hub,2026-12-01,644.9625,585,873.81
P4,Banana,R1,Bangalore,W1,BLR Hub,2026-08-03,348.39000000000004,252,880.38
P6,Rice,R4,Mumbai,W4,MUM Hub,2026-11-10,487.30500000000006,442,843.96
P2,Onion,R3,Chennai,W3,CHE Hub,2026-08-24,282.24,204,873.42
P6,Rice,R2,Hyderabad,W2,HYD Hub,2026-06-21,530.3025,384,880.03
P1,Tomato,R3,Chennai,W3,CHE Hub,2026-09-03,932.7150000000001,761,848.54
P1,Tomato,R1,Bangalore,W1,BLR Hub,2026-12-27,1034.1450000000002,750,829.36
P5,Apple,R2,Hyderabad,W2,HYD Hub,2026-06-15,947.0475000000001,773,902.91
P4,Banana,R2,Hyderabad,W2,HYD Hub,2026-04-11,950.355,603,841.08
P4,Banana,R2,Hyderabad,W2,HYD Hub,2026-11-28,683.5500000000001,558,868.21
P1,Tomato,R2,Hyderabad,W2,HYD Hub,2026-08-23,931.6125000000001,676,819.58
P3,Potato,R5,Delhi,W5,DEL Hub,2026-02-06,743.085,539,839.2
P5,Apple,R3,Chennai,W3,CHE Hub,2026-11-15,565.5825,513,843.75
P2,Onion,R4,Mumbai,W4,MUM Hub,2026-02-20,211.68000000000004,172,851.95
P1,Tomato,R3,Chennai,W3,CHE Hub,2026-08-11,1002.1725000000001,636,875.21
P3,Potato,R3,Chennai,W3,CHE Hub,2026-11-06,510.45750000000004,416,868.7
P5,Apple,R1,Bangalore,W1,BLR Hub,2026-04-10,700.0875,508,843.77
P6,Rice,R4,Mumbai,W4,MUM Hub,2026-08-17,717.7275000000001,455,871.85
P2,Onion,R5,Delhi,W5,DEL Hub,2026-02-07,746.3925,609,849.6
P5,Apple,R3,Chennai,W3,CHE Hub,2026-11-15,888.6150000000001,564,825.03
P4,Banana,R4,Mumbai,W4,MUM Hub,2026-03-21,867.6675,787,845.95
P6,Rice,R3,Chennai,W3,CHE Hub,2026-07-13,733.1625,532,872.58
P4,Banana,R3,Chennai,W3,CHE Hub,2026-05-23,243.65250000000003,176,850.14
P4,Banana,R4,Mumbai,W4,MUM Hub,2026-11-01,531.4050000000001,337,816.55
P4,Banana,R4,Mumbai,W4,MUM Hub,2026-09-27,345.08250000000004,281,857.9
P4,Banana,R5,Delhi,W5,DEL Hub,2026-05-12,421.15500000000003,343,848.03
P4,Banana,R3,Chennai,W3,CHE Hub,2026-08-16,977.9175,798,829.57
P6,Rice,R2,Hyderabad,W2,HYD Hub,2026-02-27,738.6750000000001,468,811.74
P6,Rice,R2,Hyderabad,W2,HYD Hub,2026-05-17,416.74500000000006,378,860.26
P2,Onion,R3,Chennai,W3,CHE Hub,2026-07-12,863.2575000000002,548,863.3
P1,Tomato,R1,Bangalore,W1,BLR Hub,2026-03-23,805.9275000000001,511,853.82
P6,Rice,R4,Mumbai,W4,MUM Hub,2026-05-12,332.95500000000004,302,813.93
P5,Apple,R4,Mumbai,W4,MUM Hub,2026-09-12,217.19250000000002,137,780.43
P6,Rice,R5,Delhi,W5,DEL Hub,2026-03-12,275.625,250,822.87
P1,Tomato,R4,Mumbai,W4,MUM Hub,2026-01-10,332.95500000000004,241,854.83
P2,Onion,R1,Bangalore,W1,BLR Hub,2026-11-22,541.3275000000001,343,871.26
P6,Rice,R2,Hyderabad,W2,HYD Hub,2026-02-25,872.0775000000001,632,808.87
P1,Tomato,R4,Mumbai,W4,MUM Hub,2026-12-22,346.185,282,816.97
P5,Apple,R3,Chennai,W3,CHE Hub,2026-08-24,869.8725000000001,552,848.65
P3,Potato,R1,Bangalore,W1,BLR Hub,2026-12-18,276.7275,225,829.99
P4,Banana,R1,Bangalore,W1,BLR Hub,2026-09-26,812.5425,515,807.49
P2,Onion,R1,Bangalore,W1,BLR Hub,2026-01-28,249.16500000000002,158,875.25
P3,Potato,R2,Hyderabad,W2,HYD Hub,2026-10-18,596.4525000000001,541,885.11
P6,Rice,R1,Bangalore,W1,BLR Hub,2026-10-13,409.02750000000003,371,815.39
P1,Tomato,R2,Hyderabad,W2,HYD Hub,2026-01-09,1029.7350000000001,747,909.75
P2,Onion,R1,Bangalore,W1,BLR Hub,2026-05-24,246.96000000000004,179,851.79
P4,Banana,R4,Mumbai,W4,MUM Hub,2026-06-10,562.275,408,846.42
P6,Rice,R2,Hyderabad,W2,HYD Hub,2026-07-07,759.6225000000001,689,864.56
P5,Apple,R4,Mumbai,W4,MUM Hub,2026-10-31,732.0600000000001,531,847.07
P6,Rice,R2,Hyderabad,W2,HYD Hub,2026-02-06,861.0525000000001,781,843.94
P3,Potato,R2,Hyderabad,W2,HYD Hub,2026-05-28,392.49,356,825.93
P4,Banana,R4,Mumbai,W4,MUM Hub,2026-10-03,664.8075,542,844.34
P4,Banana,R5,Delhi,W5,DEL Hub,2026-09-12,340.6725,247,819.33
P6,Rice,R4,Mumbai,W4,MUM Hub,2026-04-29,555.6600000000001,403,822.72
P4,Banana,R2,Hyderabad,W2,HYD Hub,2026-05-24,928.3050000000001,673,809.58
P5,Apple,R1,Bangalore,W1,BLR Hub,2026-12-17,1037.4525,752,834.53
P6,Rice,R4,Mumbai,W4,MUM Hub,2026-09-23,433.2825,275,805.7
P4,Banana,R1,Bangalore,W1,BLR Hub,2026-12-11,327.44250000000005,207,820.84
P6,Rice,R2,Hyderabad,W2,HYD Hub,2026-01-17,651.5775000000001,591,800.46
P6,Rice,R2,Hyderabad,W2,HYD Hub,2026-05-01,274.5225,199,829.5
P1,Tomato,R4,Mumbai,W4,MUM Hub,2026-08-24,654.8850000000001,534,853.09
P1,Tomato,R3,Chennai,W3,CHE Hub,2026-01-20,392.49,249,849.31
P4,Banana,R4,Mumbai,W4,MUM Hub,2026-06-29,446.51250000000005,364,875.99
P4,Banana,R4,Mumbai,W4,MUM Hub,2026-09-24,992.25,630,846.87
P1,Tomato,R5,Delhi,W5,DEL Hub,2026-05-17,1022.0175,741,880.6
P1,Tomato,R3,Chennai,W3,CHE Hub,2026-10-22,550.1475,449,827.08
P4,Banana,R4,Mumbai,W4,MUM Hub,2026-12-15,357.21,226,856.69
P4,Banana,R1,Bangalore,W1,BLR Hub,2026-09-19,265.70250000000004,241,828.29
P6,Rice,R1,Bangalore,W1,BLR Hub,2026-12-16,308.7,280,837.95
P4,Banana,R1,Bangalore,W1,BLR Hub,2026-09-25,930.5100000000001,675,854.26
P4,Banana,R4,Mumbai,W4,MUM Hub,2026-12-04,550.1475,499,899.56
P6,Rice,R5,Delhi,W5,DEL Hub,2026-11-28,511.56000000000006,324,875.28
P5,Apple,R2,Hyderabad,W2,HYD Hub,2026-04-23,819.1575,743,839.16
P1,Tomato,R5,Delhi,W5,DEL Hub,2026-03-20,749.7,612,809.05
P6,Rice,R1,Bangalore,W1,BLR Hub,2026-10-26,383.6700000000001,313,838.12
P3,Potato,R4,Mumbai,W4,MUM Hub,2026-10-10,765.1350000000001,624,839.67
P6,Rice,R2,Hyderabad,W2,HYD Hub,2026-09-05,590.94,536,852.42
P3,Potato,R2,Hyderabad,W2,HYD Hub,2026-08-03,568.8900000000001,516,864.2
P2,Onion,R4,Mumbai,W4,MUM Hub,2026-03-28,976.8150000000002,886,895.85
P1,Tomato,R2,Hyderabad,W2,HYD Hub,2026-03-24,930.5100000000001,844,847.61
P5,Apple,R3,Chennai,W3,CHE Hub,2026-08-29,184.1175,167,887.87
P6,Rice,R5,Delhi,W5,DEL Hub,2026-09-12,533.61,484,876.99
P1,Tomato,R1,Bangalore,W1,BLR Hub,2026-01-23,734.2650000000001,466,884.02
P6,Rice,R1,Bangalore,W1,BLR Hub,2026-11-21,960.2775000000001,696,850.97
P2,Onion,R4,Mumbai,W4,MUM Hub,2026-01-05,823.5675000000001,522,836.49
P1,Tomato,R2,Hyderabad,W2,HYD Hub,2026-09-10,841.2075,610,801.17
P2,Onion,R1,Bangalore,W1,BLR Hub,2026-08-29,1029.7350000000001,840,849.15
P6,Rice,R1,Bangalore,W1,BLR Hub,2026-05-16,712.2150000000001,581,840.55
P6,Rice,R3,Chennai,W3,CHE Hub,2026-10-01,776.1600000000001,633,853.07
P3,Potato,R2,Hyderabad,W2,HYD Hub,2026-10-18,332.95500000000004,241,837.79
P4,Banana,R2,Hyderabad,W2,HYD Hub,2026-06-18,498.33000000000004,452,837.41
